cod,desc,price,bu,line,class,type,sat_key,unit,color
1002,Ecoburo combo zapatera 12 espacios 38x33x63,107.24896,Comercializadora de Cartón y Diseño,hogar,de línea,caja,14121500,Pieza,kraft
1005,Ecoburo combo zapatera 8 espacios 38x33x63,96.52708,Comercializadora de Cartón y Diseño,hogar,de línea,caja,14121500,Pieza,kraft
1007,Ecoburo combo p/bolsa de dama 38x33x63,77.35286,Comercializadora de Cartón y Diseño,hogar,de línea,caja,14121500,Pieza,kraft
1101,Archiva extra 35x15x27,30.55208,Comercializadora de Cartón y Diseño,hogar,de línea,caja,14121500,Pieza,kraft
1201,Ecoburo (3 cajones) 26x36x28,93.27734,Comercializadora de Cartón y Diseño,hogar,de línea,caja,14121500,Pieza,kraft
1205,Ecojoyero vintage y turquesa 10.5x12.8x15,49.40208,Comercializadora de Cartón y Diseño,hogar,de línea,caja,14121500,Pieza,kraft
1301,Caja sastre chica vintage y turquesa  35x26x10,41.59818,Comercializadora de Cartón y Diseño,hogar,de línea,caja,14121500,Pieza,kraft
1305,Caja sastre mini 22.5x30.5x7,25.02526,Comercializadora de Cartón y Diseño,hogar,de línea,caja,14121500,Pieza,kraft
1306,Caja sastre chica  35x26x10,30.8763,Comercializadora de Cartón y Diseño,hogar,de línea,caja,14121500,Pieza,kraft
1307,Caja sastre mediana 49x42x10,54.27292,Comercializadora de Cartón y Diseño,hogar,de línea,caja,14121500,Pieza,kraft
1308,Caja sastre grande 81x50x13,91.32448,Comercializadora de Cartón y Diseño,hogar,de línea,caja,14121500,Pieza,kraft
1309,Caja sastre chica impresa  35x26x10,38.34844,Comercializadora de Cartón y Diseño,hogar,de línea,caja,14121500,Pieza,kraft
1310,Caja sastre mediana impresa 49x42x10,61.09662,Comercializadora de Cartón y Diseño,hogar,de línea,caja,14121500,Pieza,kraft
1311,Caja sastre grande impresa 81x50x13,99.12838,Comercializadora de Cartón y Diseño,hogar,de línea,caja,14121500,Pieza,kraft
1502,Archivo plástico oficio 50x38x26,90.35182,Comercializadora de Cartón y Diseño,hogar,de línea,caja,14121500,Pieza,kraft
1503,Archivo plástico economico 37x31x28,52.97604,Comercializadora de Cartón y Diseño,hogar,de línea,caja,14121500,Pieza,kraft
1801,Lh 00 neceser 25x17x12.5,21.77552,Comercializadora de Cartón y Diseño,hogar,de línea,caja,14121500,Pieza,kraft
1802,Pc archivo 80 decorada 78x40x30,96.52708,Comercializadora de Cartón y Diseño,hogar,de línea,caja,14121500,Pieza,kraft
1803,Pc archivo 50 decorada 50x35x25,67.27188,Comercializadora de Cartón y Diseño,hogar,de línea,caja,14121500,Pieza,kraft
1804,Pc archivo 30 decorada 38x30x25,59.79974,Comercializadora de Cartón y Diseño,hogar,de línea,caja,14121500,Pieza,kraft
1805,Lh 00 neceser decorado 25x17x12.5,25.02526,Comercializadora de Cartón y Diseño,hogar,de línea,caja,14121500,Pieza,kraft
1905,Ecoburo combo grande 4 cajones 38x33x63,175.17682,Comercializadora de Cartón y Diseño,hogar,de línea,caja,14121500,Pieza,kraft
1906,Ecoburo combo chico 3 cajones 38x34x49,138.44948,Comercializadora de Cartón y Diseño,hogar,de línea,caja,14121500,Pieza,kraft
2001,Correcajon mediano 18x14x10,26.32214,Comercializadora de Cartón y Diseño,hogar,de línea,caja,14121500,Pieza,kraft
2002,Concentra cajon mediano 30.5x19.5x22,25.34948,Comercializadora de Cartón y Diseño,hogar,de línea,caja,14121500,Pieza,kraft
2003,Correcajon grande 23x23x15.5,44.19948,Comercializadora de Cartón y Diseño,hogar,de línea,caja,14121500,Pieza,kraft
2005,Concentra cajon grande 23x24.5x31.5,31.20052,Comercializadora de Cartón y Diseño,oficina,de línea,caja,14121500,Pieza,kraft
2006,Correcajon chico 12.7x19.2x8.4,15.60026,Comercializadora de Cartón y Diseño,oficina,de línea,caja,14121500,Pieza,kraft
2007,Concentra cajon chico 20x27x9,14.95182,Comercializadora de Cartón y Diseño,oficina,de línea,caja,14121500,Pieza,kraft
2008,Concentra cd 30.4x16.7x26,23.72838,Comercializadora de Cartón y Diseño,oficina,de línea,caja,14121500,Pieza,kraft
2010,Corre cd 24.5x14x15.5,39.65286,Comercializadora de Cartón y Diseño,oficina,de línea,caja,14121500,Pieza,kraft
2302,Cofre chico 18x12x8.5,73.44714,Comercializadora de Cartón y Diseño,oficina,de línea,caja,14121500,Pieza,kraft
2303,Hexagono 3 charolas 10.5x10.5x11,43.87526,Comercializadora de Cartón y Diseño,oficina,de línea,caja,14121500,Pieza,kraft
2304,Lapicero c/divisiones 8.5x8.5x9.5,18.20156,Comercializadora de Cartón y Diseño,oficina,de línea,caja,14121500,Pieza,kraft
2305,Dispenser unipecos 9.5x9.5x3.5,30.22786,Comercializadora de Cartón y Diseño,oficina,de línea,caja,14121500,Pieza,kraft
2306,Gavetero 3 cajones 12x14x12,84.17656,Comercializadora de Cartón y Diseño,oficina,de línea,caja,14121500,Pieza,kraft
2307,Hexagono grande 13.5x13.5x8,32.17318,Comercializadora de Cartón y Diseño,oficina,de línea,caja,14121500,Pieza,kraft
2308,Hexágono mediano  12x12x7,26.32214,Comercializadora de Cartón y Diseño,oficina,de línea,caja,14121500,Pieza,kraft
2309,Hexágono chico 10x10x7,22.42396,Comercializadora de Cartón y Diseño,oficina,de línea,caja,14121500,Pieza,kraft
2313,Alhajero secreter 17x11.5x9,56.22578,Comercializadora de Cartón y Diseño,oficina,de línea,caja,14121500,Pieza,kraft
2314,Porta unipcos c/cajón 11x11x10.5,36.40312,Comercializadora de Cartón y Diseño,oficina,de línea,caja,14121500,Pieza,kraft
2315,Revistero 25x10.5x30,41.59818,Comercializadora de Cartón y Diseño,oficina,de línea,caja,14121500,Pieza,kraft
2317,Portatarjeta 10x6x3.5,19.82266,Comercializadora de Cartón y Diseño,oficina,de línea,caja,14121500,Pieza,kraft
2318,Portaretratos 19x24,33.4776,Comercializadora de Cartón y Diseño,oficina,de línea,caja,14121500,Pieza,kraft
2319,Caja lapicera 22x8x3.5,33.4776,Comercializadora de Cartón y Diseño,oficina,de línea,caja,14121500,Pieza,kraft
2320,Clinera 23x12x5.5,34.45026,Comercializadora de Cartón y Diseño,oficina,de línea,caja,14121500,Pieza,kraft
2323,Estuche p/reloj 20.5x5.5x2.5,10.72188,Comercializadora de Cartón y Diseño,oficina,de línea,caja,14121500,Pieza,kraft
2324,Estuchep/pluma 17x5x2,10.39766,Comercializadora de Cartón y Diseño,oficina,de línea,caja,14121500,Pieza,kraft
2326,Joyero rectangular  26.5x12x8,63.04948,Comercializadora de Cartón y Diseño,oficina,de línea,caja,14121500,Pieza,kraft
2327,Octagono 25x25x14,67.27188,Comercializadora de Cartón y Diseño,oficina,de línea,caja,14121500,Pieza,kraft
2328,Porta clips 11x7x7,19.82266,Comercializadora de Cartón y Diseño,oficina,de línea,caja,24112500,Pieza,kraft
2401,Pc archivo 80 super 55 ect 78x40x30,99.12838,Comercializadora de Cartón y Diseño,oficina,de línea,caja,24112500,Pieza,kraft
2402,Pc archivo 70 oficio largo 55 ect 60x35x25,77.02864,Comercializadora de Cartón y Diseño,oficina,de línea,caja,24112500,Pieza,kraft
2403,Pc archivo 50 oficio 55 ect 50x35x25,65.00234,Comercializadora de Cartón y Diseño,oficina,de línea,caja,24112500,Pieza,kraft
2404,Pc archivo 40 carta 55 ect 50x31x25,59.1513,Comercializadora de Cartón y Diseño,oficina,de línea,caja,24112500,Pieza,kraft
2405,Pc archivo 30 mixto 55 ect 38x30x25,55.57734,Comercializadora de Cartón y Diseño,oficina,de línea,caja,24112500,Pieza,kraft
2406,Pc archivo 20 1/2 carta largo 44 ect 50x23x16,48.75364,Comercializadora de Cartón y Diseño,oficina,de línea,caja,24112500,Pieza,kraft
2407,Pc archivo 10 1/2 carta 44 ect 25x23x16,38.34844,Comercializadora de Cartón y Diseño,oficina,de línea,caja,24112500,Pieza,kraft
2409,Pc archivo 60 carta larga 55 ect 60x31x25,67.27188,Comercializadora de Cartón y Diseño,oficina,de línea,caja,24112500,Pieza,kraft
2410,Pc archivo 55 archivo carpeta 55 ect 50x35x29,67.60364,Diseños de Cartón,oficina,de línea,caja,24112500,Pieza,kraft
2413,Pc archivo 40 blanca alta 44 ect 50x31x25,59.47552,Diseños de Cartón,oficina,de línea,caja,24112500,Pieza,kraft
2501,Dc archivo 70 oficio larga económica 40 ect 60x35x25,54.27292,Diseños de Cartón,oficina,de línea,caja,24112500,Pieza,kraft
2502,Dc archivo 60 carta larga económica 40 ect 60x31x25,46.80078,Diseños de Cartón,oficina,de línea,caja,24112500,Pieza,kraft
2503,Dc archivo 50 oficio económica 40 ect 50x35x25,44.84792,Diseños de Cartón,oficina,de línea,caja,24112500,Pieza,kraft
2504,Dc archivo 40 carta económica 40 ect 50x31x25,39.97708,Diseños de Cartón,oficina,de línea,caja,24112500,Pieza,kraft
2505,Dc archivo 30 archivo mixta económica 40 ect 38x30x25,39.65286,Diseños de Cartón,oficina,de línea,caja,24112500,Pieza,kraft
2506,Dc archivo 55 archivo carpeta 40 ect 50x35x29,51.3474,Diseños de Cartón,oficina,de línea,caja,24112500,Pieza,kraft
2602,Eco 40 archivo carta 26 ect 50x31x25,18.85,Diseños de Cartón,oficina,de línea,caja,24112500,Pieza,kraft
2603,Eco 50 archivo oficio 26 ect 50x35x25,21.77552,Diseños de Cartón,oficina,de línea,caja,24112500,Pieza,kraft
2804,Archidiario 44 ect 39x17.5x30,106.92474,Diseños de Cartón,oficina,de línea,caja,24121500,Pieza,kraft
2900,Sobre jiffylite # 0 16x22,3.24974,Diseños de Cartón,oficina,de línea,caja,24121500,Pieza,kraft
2901,Sobre jiffylite # 1 18.5x27.5,4.2224,Diseños de Cartón,oficina,de línea,caja,24121500,Pieza,kraft
2902,Sobre jiffylite # 2 21.5x30.5,4.87838,Diseños de Cartón,oficina,de línea,caja,24121500,Pieza,kraft
2903,Sobre jiffylite # 4 24x37,6.17526,Diseños de Cartón,oficina,de línea,caja,24121500,Pieza,kraft
2904,Sobre jiffylite # 5 27x37,8.12812,Diseños de Cartón,oficina,de línea,bolsa,24121500,Pieza,kraft
2905,Sobre jiffylite # 7 36.5x50.5,12.0263,Diseños de Cartón,oficina,de línea,bolsa,24121500,Pieza,kraft
2906,Sobre jiffylite # 000 12x18,2.6013,Diseños de Cartón,oficina,de línea,bolsa,24121500,Pieza,kraft
2907,Sobre manila t/carta 23x30.5,1.62864,Diseños de Cartón,oficina,de línea,bolsa,24121500,Pieza,kraft
2908,Sobre manila t/oficio 26x34,2.27708,Diseños de Cartón,oficina,de línea,bolsa,24112500,Pieza,kraft
3103,Archigaveta oficio largo 44 ect 40x64.5x28,181.6763,Diseños de Cartón,oficina,de línea,bolsa,24112500,Pieza,kraft
3203,Archiva oficio corr. Bond 44 ect 35x10x26.5,23.72838,Diseños de Cartón,oficina,de línea,bolsa,24112500,Pieza,kraft
3204,Archiva carta corr. Bond  44 ect 31x10x26.5,21.77552,Diseños de Cartón,oficina,de línea,bolsa,24112500,Pieza,kraft
3401,Maletin micro blanco 35x27x9,32.82162,Diseños de Cartón,oficina,de línea,bolsa,24112500,Pieza,kraft
3402,Maletin blanco corrugado 44 ect 37.5x26x10.5,52.00338,Diseños de Cartón,oficina,de línea,bolsa,24112500,Pieza,kraft
3404,Sobre ecológico carta 44 ect 34.5x24.5x2.8,17.87734,Diseños de Cartón,oficina,de línea,bolsa,24112500,Pieza,kraft
3405,Sobre ecológico t/oficio 44 ect 36x25.5x3,20.14688,Diseños de Cartón,oficina,de línea,bolsa,24112500,Pieza,kraft
3501,Reviarchivo grande 29 ect 26.5x12x25.9,24.0526,Diseños de Cartón,oficina,de línea,bolsa,24112500,Pieza,kraft
3502,Reviarchivo chico 26 ect 23x10x24,18.85,Diseños de Cartón,oficina,de línea,bolsa,24112500,Pieza,kraft
3503,Revistero chico c/e vintage y turqueza 23x10x25,16.89714,Diseños de Cartón,oficina,de línea,bolsa,24112500,Pieza,kraft
3206,Archiva gob 1 44 ect 38x12x30,29.57188,Diseños de Cartón,oficina,de línea,bolsa,24112500,Pieza,kraft
3601,Archiva gob 1 economica 29 ect 38x12x30,15.60026,Diseños de Cartón,oficina,de línea,bolsa,24112500,Pieza,kraft
3602,Archiva gob 2 44 ect 38x19x30,31.52474,Diseños de Cartón,oficina,de línea,bolsa,24112500,Pieza,kraft
3701,Tubo portaplano  1.09 cm,31.20052,Diseños de Cartón,oficina,de línea,bolsa,24112500,Pieza,kraft
3702,Tubo portaplano  91.5 cm,26.32214,Diseños de Cartón,oficina,de línea,bolsa,24112500,Pieza,kraft
3703,Tubo portaplano  78 cm,22.42396,Diseños de Cartón,oficina,de línea,bolsa,24112500,Pieza,kraft
3704,Tubo portaplano  66 cm,21.4513,Diseños de Cartón,oficina,de línea,bolsa,24112500,Pieza,kraft
3705,Tubo portaplano  33.5,15.92448,Diseños de Cartón,oficina,de línea,bolsa,24112500,Pieza,kraft
3801,Tarjetero grande 44 ect 22x14x13,23.72838,Diseños de Cartón,oficina,de línea,bolsa,24112500,Pieza,kraft
3802,Tarjetero mediano 44 ect 15.5x10.5x11,16.57292,Diseños de Cartón,oficina,de línea,bolsa,24112500,Pieza,kraft
3803,Tarjetero chico 44 ect 13.5x8.5x9,11.05364,Diseños de Cartón,oficina,de línea,bolsa,14121500,Pieza,kraft
3912,Carpeta c/herraje de argolla 3/4 carta kraft ,50.05052,Diseños de Cartón,oficina,de línea,bolsa,14121500,Pieza,kraft
3913,"Carpeta c/herraje de argolla 1"" carta kraft ",58.17864,Diseños de Cartón,oficina,de línea,bolsa,14121500,Pieza,kraft
3914,"Carpeta c/herraje de argolla 2"" carta kraft ",66.62344,Diseños de Cartón,oficina,de línea,bolsa,14121500,Pieza,kraft
3915,"Carpeta c/herraje de argolla 3"" carta kraft ",107.8974,Diseños de Cartón,oficina,de línea,bolsa,14121500,Pieza,kraft
3916,Folder carta kraft  29.6x23.5,1.95286,Diseños de Cartón,oficina,de línea,bolsa,14121500,Pieza,kraft
3917,Folder oficio kraft  34.6x23.5,2.27708,Diseños de Cartón,oficina,de línea,bolsa,24112500,Pieza,kraft
3922,Dispenser unipecos kraft ,33.14584,Diseños de Cartón,oficina,de línea,bolsa,24112500,Pieza,kraft
3924,Lapicero con divisiones kraft ,22.74818,Diseños de Cartón,oficina,de línea,bolsa,24112500,Pieza,kraft
3925,Portatarjetas kraft ,19.49844,Diseños de Cartón,oficina,de línea,bolsa,24121500,Pieza,kraft
3926,Sobre tipo bolsa carta kraft  ,1.95286,Diseños de Cartón,oficina,de línea,bolsa,24121500,Pieza,kraft
3927,Sobre tipo bolsa oficio kraft  ,2.27708,Diseños de Cartón,oficina,de línea,bolsa,14111500,Pieza,kraft
3932,Libreta forma francesa kraft ,60.44818,Diseños de Cartón,oficina,de línea,bolsa,14111500,Pieza,kraft
3933,Libreta 1/4 de carta kraft ,22.74818,Diseños de Cartón,oficina,de línea,bolsa,44121700,Pieza,kraft
3935,Pluma ecologica de papel reciclado kraft  ,6.49948,Diseños de Cartón,oficina,de línea,bolsa,24112500,Pieza,kraft
3941,Archiva carta ecologica 29 ect 31x10x26.5,12.99896,Diseños de Cartón,oficina,de línea,bolsa,24112500,Pieza,kraft
3942,Archiva oficio ecologica 29 ect 35x10x26.5,14.6276,Diseños de Cartón,oficina,de línea,bolsa,24112500,Pieza,kraft
3943,Reviarchivo grande ecologico 29 ect 26.5x12x26,14.95182,Diseños de Cartón,oficina,de línea,bolsa,24112500,Pieza,kraft
3944,Archiva gob 1 ecologica ,10.39766,Diseños de Cartón,oficina,de línea,bolsa,24112500,Pieza,kraft
3945,Portaretrato kraft ,37.7,Diseños de Cartón,oficina,de línea,bolsa,24121500,Pieza,kraft
3946,Sobre tipo bolsa kraft 1/2 carta  14.5x22,1.29688,Diseños de Cartón,oficina,de línea,bolsa,24141500,Pieza,kraft
4002,Polipack 1/8 x105 1/8 x 105mts,7.79636,Diseños de Cartón,oficina,de línea,bolsa,24141500,Pieza,kraft
4004,Burbuja de aire chica 3/16 (120 mts) 1.22 x 120 mt,4.54662,Diseños de Cartón,oficina,de línea,bolsa,24141500,Pieza,kraft
4005,Burbuja de aire gde 1/2 (60 mts) 1.22 x 60 mt,9.425,Diseños de Cartón,oficina,de línea,bolsa,24141500,Pieza,kraft
4101,Mic pack(por bolsa) ,30.8763,Diseños de Cartón,oficina,de línea,bolsa,14121500,Pieza,kraft
4201,Rollo cartón corrugado 2.00 altura,22.42396,Diseños de Cartón,oficina,de línea,bolsa,14121500,Pieza,kraft
4202,Rollo-microkraft  100 mts. 1.00 altura ,7.14792,Diseños de Cartón,oficina,de línea,bolsa,14121500,Pieza,kraft
4203,Micro color  77x54,12.0263,Diseños de Cartón,oficina,de línea,bolsa,14121500,Pieza,kraft
4206,Codigo es servicio de empaque ,0,Diseños de Cartón,oficina,de línea,bolsa,14121500,Pieza,kraft
4207,Lamina de corrugado 29 ect 74 x 121 mt,17.22136,Diseños de Cartón,oficina,de línea,bolsa,14121500,Pieza,kraft
4208,Lamina de corrugado 29 ect 1.00 x 1.50 mt,28.59922,Diseños de Cartón,oficina,de línea,bolsa,14121500,Pieza,kraft
4209,Lamina doble corrugado 1.95x2.10mt,154.69818,Diseños de Cartón,oficina,de línea,bolsa,14121500,Pieza,kraft
4211,Lamina micro bond y kraft .80 x 1.60 mt,22.74818,Diseños de Cartón,oficina,de línea,bolsa,14121500,Pieza,kraft
4212,Lámina micro bond y kraft .60 x 90 mt,11.70208,Diseños de Cartón,oficina,de línea,bolsa,14121500,Pieza,kraft
4213,Lámina caple .60 x 1.25 mt,10.39766,Diseños de Cartón,oficina,de línea,bolsa,14121500,Pieza,kraft
4217,Separador p/12 botellas 29 ect ,12.99896,Diseños de Cartón,oficina,de línea,bolsa,14121500,Pieza,kraft
4301,Rollo papelkraft (precio x kilo) 1.25,26.32214,Diseños de Cartón,oficina,de línea,bolsa,14121500,Pieza,kraft
4302,Rollo papelkraft(precio x kilo) 90,26.32214,Diseños de Cartón,alimentos y regalos,de línea,bolsa,14121500,Pieza,blanco
4303,Rollo papelkraft(precio x kilo) 60,26.32214,Diseños de Cartón,alimentos y regalos,de línea,bolsa,14121500,Pieza,blanco
4304,Rollo papelkraft(precio x kilo) 1,26.32214,Diseños de Cartón,alimentos y regalos,de línea,bolsa,14121500,Pieza,blanco
4305,Papelkraft 1.25 x metro (180 mts aprox) ,5.52682,Diseños de Cartón,alimentos y regalos,de línea,bolsa,31201500,Pieza,blanco
4401,Cinta plástica chica  48 x 50 mts,11.37786,Diseños de Cartón,alimentos y regalos,de línea,bolsa,31201500,Pieza,blanco
4402,Cinta plástica mediana 48 x 100 mts,20.80286,Diseños de Cartón,alimentos y regalos,de línea,bolsa,31201500,Pieza,blanco
4403,Cinta plástica grande 48 x 150 mts,30.8763,Diseños de Cartón,alimentos y regalos,de línea,bolsa,21201500,Pieza,blanco
4404,"Despachador de cinta 2"" 2""",142.02344,Diseños de Cartón,alimentos y regalos,de línea,bolsa,21201500,Pieza,blanco
4405,"Engomado 3""",29.90364,Diseños de Cartón,alimentos y regalos,de línea,bolsa,21201500,Pieza,blanco
4406,"Engomado  2.5""",25.02526,Diseños de Cartón,alimentos y regalos,de línea,bolsa,21201500,Pieza,blanco
4407,"Engomado  2""",20.14688,Diseños de Cartón,alimentos y regalos,de línea,bolsa,21201500,Pieza,blanco
4408,"Engomado  1""",10.07344,Diseños de Cartón,alimentos y regalos,de línea,bolsa,31201500,Pieza,blanco
4412,Cinta impresa fragil  ,52.65182,Diseños de Cartón,alimentos y regalos,de línea,bolsa,31411500,Pieza,blanco
4502,Millar de sellos 1/2 ,174.19662,Diseños de Cartón,alimentos y regalos,de línea,bolsa,27112100,Pieza,blanco
4503,Flejadora ,1376.69844,Diseños de Cartón,alimentos y regalos,de línea,bolsa,27112100,Pieza,blanco
4504,Pinzas para flejar ,879.1263,Diseños de Cartón,alimentos y regalos,de línea,bolsa,24141500,Pieza,blanco
4507,Fleje 1/2 negro precio x kilo ,34.77448,Diseños de Cartón,alimentos y regalos,de línea,bolsa,27111500,Pieza,blanco
4601,Cutter grande  ,6.17526,Diseños de Cartón,alimentos y regalos,de línea,bolsa,27111500,Pieza,blanco
4603,Cutter chico ,3.89818,Diseños de Cartón,alimentos y regalos,de línea,bolsa,44121700,Pieza,blanco
4604,Marcador de aceite ,25.99792,Diseños de Cartón,alimentos y regalos,de línea,bolsa,31201600,Pieza,blanco
4605,Silicato de sodio galón ,84.825,Diseños de Cartón,alimentos y regalos,de línea,bolsa,24141500,Pieza,blanco
4606,Bola rafia 1 kg aprox ,61.42838,Diseños de Cartón,alimentos y regalos,de línea,bolsa,24141500,Pieza,blanco
4609,Rollo de blister 18¨x1200 pies calibre 50,113.1,Diseños de Cartón,alimentos y regalos,de línea,bolsa,31201500,Pieza,blanco
4612,"Etiqueta fragil, hecho en mexico, copa, arriba ",2.6013,Diseños de Cartón,alimentos y regalos,de línea,bolsa,24112500,Pieza,blanco
4613,Esquineros 2¨x2¨x1.00,5.52682,Diseños de Cartón,alimentos y regalos,de línea,bolsa,24141500,Pieza,blanco
4615,Bola papel arroz 200 mts. Aprox. ,272.35234,Diseños de Cartón,alimentos y regalos,de línea,bolsa,24141500,Pieza,blanco
4618,Etiqueta remitente-destinatario (jgo) ,5.85104,Diseños de Cartón,alimentos y regalos,de línea,bolsa,31201500,Pieza,blanco
4619,Cinta masking tape  18x50,21.77552,Diseños de Cartón,alimentos y regalos,de línea,bolsa,31201500,Pieza,blanco
4620,Cinta masking tape  24x50,28.92344,Diseños de Cartón,alimentos y regalos,de línea,bolsa,31201500,Pieza,blanco
4625,"Blister 5"" x 1500 pies calibre 80 ",72.47448,Diseños de Cartón,alimentos y regalos,de línea,bolsa,14121500,Pieza,blanco
4702,Le e7 estantera 44 ect  46x16x13 cm,27.95078,Diseños de Cartón,alimentos y regalos,de línea,bolsa,14121500,Pieza,blanco
4703,Le e6 estantera 44 ect 32x11x11 cm,17.22136,Diseños de Cartón,alimentos y regalos,de línea,bolsa,14121500,Pieza,blanco
4704,Le e5 estantera 44 ect 30x30x11 cm,24.70104,Diseños de Cartón,alimentos y regalos,de línea,caja,14121500,Pieza,blanco
4705,Le e4 estantera 44 ect 30x15x20 cm,35.42292,Diseños de Cartón,alimentos y regalos,de línea,caja,14121500,Pieza,blanco
4706,Le e3 estantera 44 ect 30x15x11 cm,18.20156,Diseños de Cartón,alimentos y regalos,de línea,caja,14121500,Pieza,blanco
4707,Le e2 estantera 44 ect 30x10x11 cm,16.2487,Diseños de Cartón,alimentos y regalos,de línea,caja,14121500,Pieza,blanco
4708,Le e01 estantera 44 ect 30x5x11 cm,14.95182,Diseños de Cartón,alimentos y regalos,de línea,caja,14121500,Pieza,blanco
4709,Le e3 estantera económica 29 ect 30x15x11 cm,9.10078,Diseños de Cartón,alimentos y regalos,de línea,caja,14121500,Pieza,blanco
4710,Ordenador de cajones 44 ect 29x10x6 cm,9.10078,Diseños de Cartón,alimentos y regalos,de línea,caja,24112500,Pieza,blanco
4801,Cz 06 seis pares 23 ect 32x26x28,11.05364,Diseños de Cartón,alimentos y regalos,de línea,caja,24112500,Pieza,blanco
4802,Cz 12 doce pares 23 ect 33x27x55,18.20156,Diseños de Cartón,alimentos y regalos,de línea,caja,24112500,Pieza,blanco
4803,Cz 18 diesciocho pares 23 ect 48x27x55,23.39662,Diseños de Cartón,alimentos y regalos,de línea,caja,24112500,Pieza,blanco
4804,Cz 24 veinticuatro pares 23 ect 48x35x55,27.30234,Diseños de Cartón,alimentos y regalos,de línea,caja,24112500,Pieza,blanco
4805,Cz 36 treinta y seis pares 23 ect 53x48x55,38.34844,Diseños de Cartón,alimentos y regalos,de línea,caja,24112500,Pieza,blanco
4806,Cz 48 cuarenta y ocho pares 23 ect 54x54x65,47.125,Diseños de Cartón,alimentos y regalos,de línea,caja,24112500,Pieza,blanco
4807,Caja bota grande 29 ect 43x34x11,21.77552,Diseños de Cartón,alimentos y regalos,de línea,caja,24112500,Pieza,blanco
4808,Caja bota chica 29 ect 31x20.5x11,11.37786,Diseños de Cartón,alimentos y regalos,de línea,caja,24112500,Pieza,blanco
4810,Caja zapato gde micro 32x21x11,11.05364,Diseños de Cartón,alimentos y regalos,de línea,caja,24112500,Pieza,blanco
4811,Caja zapato chica micro 28x18x10,10.07344,Diseños de Cartón,alimentos y regalos,de línea,caja,24112500,Pieza,blanco
4900,Cr 98 caja reg dc 84x50x83,177.77812,Diseños de Cartón,alimentos y regalos,de línea,caja,24112500,Pieza,blanco
4901,Cr 90 caja reg 40 ect 90x60x50,117.97838,Diseños de Cartón,alimentos y regalos,de línea,caja,24112500,Pieza,blanco
4902,Cr 85 caja reg 32 ect 70x40x40,46.15234,Diseños de Cartón,alimentos y regalos,de línea,caja,24112500,Pieza,blanco
4902SG,Cr 85 caja reg sg 70x40x40,23.72838,Diseños de Cartón,alimentos y regalos,de línea,caja,24112500,Pieza,blanco
4903,Cr 80caja reg 29 ect 50x40x50,38.34844,Diseños de Cartón,alimentos y regalos,de línea,caja,24112500,Pieza,blanco
4904,Cr 70 caja reg  29 ect 55x45x35,40.3013,Diseños de Cartón,alimentos y regalos,de línea,caja,24112500,Pieza,blanco
4904SG,Cr 70 caja reg sg 55x45x35,23.39662,Diseños de Cartón,alimentos y regalos,de línea,caja,24112500,Pieza,blanco
4905SG,Cr 60 caja reg sg 62x37x25,15.60026,Diseños de Cartón,alimentos y regalos,de línea,caja,24112500,Pieza,blanco
4906,Cr 50 caja reg 29 ect 50x40x25,32.4974,Diseños de Cartón,alimentos y regalos,de línea,caja,24112500,Pieza,blanco
4906SG,Cr 50 caja reg sg  50x40x25,17.22136,Diseños de Cartón,alimentos y regalos,de línea,caja,24112500,Pieza,blanco
4907,Cr 75dc caja reg 42 ect 80x50x50,93.60156,Diseños de Cartón,alimentos y regalos,de línea,caja,24112500,Pieza,blanco
4908,Cr 45 caja reg 29 ect 60x30x25,27.30234,Diseños de Cartón,alimentos y regalos,de línea,caja,24112500,Pieza,blanco
4908SG,Cr 45 caja reg sg 60x30x25,14.6276,Diseños de Cartón,alimentos y regalos,de línea,caja,24112500,Pieza,blanco
4909,Cr 40 caja reg 29 ect 40x30x40,22.74818,Diseños de Cartón,alimentos y regalos,de línea,caja,24112500,Pieza,blanco
4909SG,Cr 40 caja reg sg 40x30x40,14.95182,Diseños de Cartón,alimentos y regalos,de línea,caja,24112500,Pieza,blanco
4910,Cr 30 caja reg 26ect 45x30x30,21.77552,Diseños de Cartón,alimentos y regalos,de línea,caja,24112500,Pieza,blanco
4910SG,Cr 30 caja reg sg 45x30x30,11.70208,Diseños de Cartón,alimentos y regalos,de línea,caja,24112500,Pieza,blanco
4911,Cr 30n caja reg navideña 26 ect 45x30x30,23.72838,Diseños de Cartón,alimentos y regalos,de línea,caja,24112500,Pieza,blanco
4912,Cr 20 caja reg 26 ect 40x30x30,18.52578,Diseños de Cartón,alimentos y regalos,de línea,caja,24112500,Pieza,blanco
4912SG,Cr 20 caja reg sg 40x30x30,10.72188,Diseños de Cartón,alimentos y regalos,de línea,caja,24112500,Pieza,blanco
4913,Cr 15 caja reg 26 ect 30x20x20,10.39766,Diseños de Cartón,alimentos y regalos,de línea,caja,24112500,Pieza,blanco
4914,Cr 10 caja reg 26 ect 40x30x20,16.2487,Diseños de Cartón,alimentos y regalos,de línea,caja,24112500,Pieza,blanco
4914SG,Cr 10 caja reg sg 40x30x20,10.39766,Diseños de Cartón,alimentos y regalos,de línea,caja,24112500,Pieza,blanco
4915,Cr 03 caja reg 26 ect 30x15x20,7.79636,Diseños de Cartón,alimentos y regalos,de línea,caja,24112500,Pieza,blanco
4916,Cr 01 caja reg 26 ect 19x15x15,6.17526,Diseños de Cartón,alimentos y regalos,de línea,caja,24112500,Pieza,blanco
4917,Cr 02 caja reg 26 ect 20x16x13,6.17526,Diseños de Cartón,alimentos y regalos,de línea,caja,24112500,Pieza,blanco
4918,Cr 75 caja reg 32 ect 80x50x50,67.92786,Diseños de Cartón,alimentos y regalos,de línea,caja,24112500,Pieza,blanco
4919,Cr 05 caja reg 26 ect 14x14x28,6.17526,Diseños de Cartón,alimentos y regalos,de línea,caja,24112500,Pieza,blanco
4920,Cr 08 caja reg 26 ect 25x16x16,6.8237,Diseños de Cartón,alimentos y regalos,de línea,caja,24112500,Pieza,blanco
4921,Cr 04 caja reg 26 ect 32x22x13,9.10078,Diseños de Cartón,alimentos y regalos,de línea,caja,24112500,Pieza,blanco
4922,Cr cubo caja reg  29 ect 60x60x60,79.29818,Diseños de Cartón,alimentos y regalos,de línea,caja,24112500,Pieza,blanco
4923,Cr 50 dc caja reg 42 ect 50x40x25,43.55104,Diseños de Cartón,alimentos y regalos,de línea,caja,24112500,Pieza,blanco
4924,Cr 09 caja reg 26 ect 38x26.5x12,10.39766,Diseños de Cartón,alimentos y regalos,de línea,caja,24112500,Pieza,blanco
4925,Cr 25 caja reg 26 ect 30x30x30,16.57292,Diseños de Cartón,alimentos y regalos,de línea,caja,24112500,Pieza,blanco
4925SG,Cr 25 caja reg sg 30x30x30,10.07344,Diseños de Cartón,alimentos y regalos,de línea,caja,24112500,Pieza,blanco
4926,Cr 35 caja reg 26 ect 45x45x45,40.62552,Diseños de Cartón,alimentos y regalos,de línea,caja,24112500,Pieza,blanco
4927,Gobierno chico 26 ect 29x24x30,14.6276,Diseños de Cartón,alimentos y regalos,de línea,caja,24112500,Pieza,blanco
4928,Gobierno grande 29 ect 36.5x26x29,17.87734,Diseños de Cartón,alimentos y regalos,de línea,caja,24112500,Pieza,blanco
4929,Gobierno super 29 ect 46.5x36.5x40,35.42292,Diseños de Cartón,alimentos y regalos,de línea,caja,24112500,Pieza,blanco
4930,Serfin 29 ect 60x30x30,32.17318,Diseños de Cartón,alimentos y regalos,de línea,caja,24112500,Pieza,blanco
4930SG,Serfin sg 60x30x30,14.6276,Diseños de Cartón,alimentos y regalos,de línea,caja,24112500,Pieza,blanco
4931,Pastelera kraft eco. 29 ect 30x30x14,15.27604,Diseños de Cartón,alimentos y regalos,de línea,caja,24112500,Pieza,blanco
4932,Cr 63 caja reg 29ect 63x36x26,31.52474,Diseños de Cartón,alimentos y regalos,de línea,caja,24112500,Pieza,blanco
4934,Cr 85 dc 42 ect 70x40x40,59.47552,Diseños de Cartón,alimentos y regalos,de línea,caja,24112500,Pieza,blanco
4935,Gobierno chico navideña 26 ect 29x24x30,15.60026,Diseños de Cartón,alimentos y regalos,de línea,caja,24112500,Pieza,blanco
4936,Cr-12 caja regular  29 ect 15x15x95,15.60026,Diseños de Cartón,alimentos y regalos,de línea,caja,24112500,Pieza,blanco
5003,Cr 57 caja reg 23 ect 1.00x60x50,77.67708,Diseños de Cartón,alimentos y regalos,de línea,caja,24112500,Pieza,blanco
5020,Caja para corona 29 ect 60x22x60,47.125,Diseños de Cartón,alimentos y regalos,de línea,caja,24112500,Pieza,blanco
5021,Caja para árbol de navidad 29 ect 35x35x1.50,90.35182,Diseños de Cartón,alimentos y regalos,de línea,caja,24112500,Pieza,blanco
5023,Caja p/corona  29 ect 80x19x80,65.65078,Diseños de Cartón,alimentos y regalos,de línea,caja,24112500,Pieza,blanco
5101,Er 00   caja regalo 14  pts. 14x9.5x2.5,1.62864,Diseños de Cartón,alimentos y regalos,de línea,caja,24112500,Pieza,blanco
5102,Er 01   caja regalo 14  pts. 14.5x12.5x5,2.27708,Diseños de Cartón,alimentos y regalos,de línea,caja,24112500,Pieza,blanco
5103,Er 02   caja regalo 14  pts. 17x12.5x5,2.92552,Diseños de Cartón,alimentos y regalos,de línea,caja,24112500,Pieza,blanco
5104,Er 03   caja regalo 14  pts. 20x14x5,3.24974,Diseños de Cartón,alimentos y regalos,de línea,caja,24112500,Pieza,blanco
5105,Er 04   caja regalo 14  pts. 13x13x10,5.52682,Diseños de Cartón,alimentos y regalos,de línea,caja,24112500,Pieza,blanco
5106,Er 04e caja regalo 14 pts. 8x8x8,2.92552,Diseños de Cartón,alimentos y regalos,de línea,caja,24112500,Pieza,blanco
5108,Er 05 caja regalo 14 pts. 22x16x5,4.2224,Diseños de Cartón,alimentos y regalos,de línea,caja,24112500,Pieza,blanco
5109,Er 05v caja regalo c/ ventana 14 pts. 22x16x5,5.52682,Diseños de Cartón,alimentos y regalos,de línea,caja,24112500,Pieza,blanco
5110,Er 06   caja regalo 14 pts. 25.5x20x6.5,5.85104,Diseños de Cartón,alimentos y regalos,de línea,caja,24112500,Pieza,blanco
5111,Er 06 caja regalo  happy birthday 25.5x20x6.5,9.10078,Diseños de Cartón,alimentos y regalos,de línea,caja,24112500,Pieza,blanco
5112,Er 6b   caja regalo bebe  14 pts. 25.5x20x6.5,9.10078,Diseños de Cartón,alimentos y regalos,de línea,caja,24112500,Pieza,blanco
5113,Er 6v   caja regalo c/ventana 14 pts. 25.5x20x6.5,6.8237,Diseños de Cartón,alimentos y regalos,de línea,caja,24112500,Pieza,blanco
5114,Er 06c   caja regalo color 14 pts. 25.5x20x6.5,8.12812,Diseños de Cartón,alimentos y regalos,de línea,caja,24112500,Pieza,blanco
5115,Er 07   caja regalo 14 pts. 24x14x8,4.54662,Diseños de Cartón,alimentos y regalos,de línea,caja,24112500,Pieza,blanco
5116,Er 08   caja regalo 14 pts. 28x20x3,3.89818,Diseños de Cartón,alimentos y regalos,de línea,caja,24112500,Pieza,blanco
5117,Er 09   caja regalo 14 pts. 11x6.5x3,1.62864,Diseños de Cartón,alimentos y regalos,de línea,caja,24112500,Pieza,blanco
5118,Er 09c caja regalo color 11x6.5x3,1.95286,Diseños de Cartón,alimentos y regalos,de línea,caja,24112500,Pieza,blanco
5119,Er 10   caja regalo 14 pts. 23x15.5x12.5,8.12812,Diseños de Cartón,alimentos y regalos,de línea,caja,24112500,Pieza,blanco
5120,Er 11   caja regalo 14 pts. 39.5x24.5x9,10.39766,Diseños de Cartón,alimentos y regalos,de línea,caja,24112500,Pieza,blanco
5121,Er 11c caja regalo color 39.5x24.5x9,13.32318,Diseños de Cartón,alimentos y regalos,de línea,caja,24112500,Pieza,blanco
5122,Er 11e  caja regalo 14 pts. 35x21x9,9.10078,Diseños de Cartón,alimentos y regalos,de línea,caja,24112500,Pieza,blanco
5123,Er 12    caja regalo 14 pts. 11x8x2.5,1.62864,Diseños de Cartón,alimentos y regalos,de línea,caja,24112500,Pieza,blanco
5124,Er 13    caja regalo 14 pts. 36x23x5.5,6.8237,Diseños de Cartón,alimentos y regalos,de línea,caja,24112500,Pieza,blanco
5125,Er 13c caja regalo color 36x23x5.5,9.425,Diseños de Cartón,alimentos y regalos,de línea,caja,24112500,Pieza,blanco
5126,Er 14      caja regalo    26.5x10x7,4.54662,Diseños de Cartón,alimentos y regalos,de línea,caja,24112500,Pieza,blanco
5127,Er 14v    caja regalo c/ventana   30x10x7,7.14792,Diseños de Cartón,alimentos y regalos,de línea,caja,24112500,Pieza,blanco
5128,Er 15      caja regalo 14 pts. 45x29x8.5,11.70208,Diseños de Cartón,alimentos y regalos,de línea,caja,24112500,Pieza,blanco
5129,Er 15c   caja regalo color 14 pts. 45x29x8.5,14.95182,Diseños de Cartón,alimentos y regalos,de línea,caja,24112500,Pieza,blanco
5130,Er 16      caja regalo 14 pts. 12.5x8.5x4.5,1.95286,Diseños de Cartón,alimentos y regalos,de línea,caja,24112500,Pieza,blanco
5131,Er 17      caja regalo 14 pts. 17x10x9,4.2224,Diseños de Cartón,alimentos y regalos,de línea,caja,24112500,Pieza,blanco
5132,Er 18      caja regalo 14 pts. 49x32x12,20.47864,Diseños de Cartón,alimentos y regalos,de línea,caja,24112500,Pieza,blanco
5133,Caja joyeria especial 7x5.5x3,1.29688,Diseños de Cartón,alimentos y regalos,de línea,caja,24112500,Pieza,blanco
5134,Caja joyeria especial color    7x5.5x3,1.62864,Diseños de Cartón,alimentos y regalos,de línea,caja,24112500,Pieza,blanco
5135,Caja bolitos   4x4x4,1.62864,Diseños de Cartón,alimentos y regalos,de línea,caja,24112500,Pieza,blanco
5136,Er 19     caja regalo 14 pts  32x30x8,9.74922,Diseños de Cartón,alimentos y regalos,de línea,caja,24112500,Pieza,blanco
5137,Caja para reloj  14 pts. 22x5x3,3.24974,Diseños de Cartón,alimentos y regalos,de línea,caja,24112500,Pieza,blanco
5138,Caja joyeria  5x3.5x1.5,0.97266,Diseños de Cartón,alimentos y regalos,de línea,caja,24112500,Pieza,blanco
5139,Caja muñeca grande color 32x18x15,9.425,Diseños de Cartón,alimentos y regalos,de línea,caja,24112500,Pieza,blanco
5140,Caja muñeca chica color 11x11x11,5.85104,Diseños de Cartón,alimentos y regalos,de línea,caja,24112500,Pieza,blanco
5141,Caja muñeca med. Color 15x18x11,8.45234,Diseños de Cartón,alimentos y regalos,de línea,caja,24112500,Pieza,blanco
5142,Caja camioncito 18.5x7.5x10,4.2224,Diseños de Cartón,alimentos y regalos,de línea,caja,24112500,Pieza,blanco
5143,Caja muñeca mini esp color 9x9x9,3.89818,Diseños de Cartón,alimentos y regalos,de línea,caja,24112500,Pieza,blanco
5144,Alcancia tortuga y puerquito 10x10x13,6.8237,Diseños de Cartón,alimentos y regalos,de línea,caja,24112500,Pieza,blanco
5145,Caja pingüino  10x7x15,4.2224,Diseños de Cartón,alimentos y regalos,de línea,caja,24112500,Pieza,blanco
5147,Caja para palomita mini kraft 7x7x13,3.24974,Diseños de Cartón,alimentos y regalos,de línea,caja,24112500,Pieza,blanco
5148,Caja p/tarjeta presentación blanca 9.5x5.5x3,1.62864,Diseños de Cartón,alimentos y regalos,de línea,caja,24112500,Pieza,blanco
5149,Cubo mini color  7.5x7.5x5,2.92552,Diseños de Cartón,alimentos y regalos,de línea,caja,24112500,Pieza,blanco
5150,Lonchera rayas y zebra 16x8.5x10,4.54662,Diseños de Cartón,alimentos y regalos,de línea,caja,24112500,Pieza,blanco
5151,Caja para cd caple 15x13x2.5,2.27708,Diseños de Cartón,alimentos y regalos,de línea,caja,24112500,Pieza,blanco
5153,Caja p/perfume 5.5x6x11,1.95286,Diseños de Cartón,alimentos y regalos,de línea,caja,24112500,Pieza,blanco
5154,Caja palomitas chica blanca 7.5x7.5x19,3.89818,Diseños de Cartón,alimentos y regalos,de línea,caja,24112500,Pieza,blanco
5155,Er 13b   caja regalo bebe   36x23x5.5,9.425,Diseños de Cartón,alimentos y regalos,de línea,caja,24112500,Pieza,blanco
5156,Casita caple blanca 13x11x8,4.2224,Diseños de Cartón,alimentos y regalos,de línea,caja,24112500,Pieza,blanco
5159,Caja para corbata 33x10x3.5,4.54662,Diseños de Cartón,alimentos y regalos,de línea,caja,24112500,Pieza,blanco
5161,Cubo mini caple kraft 7.5x7.5x5,1.95286,Diseños de Cartón,alimentos y regalos,de línea,caja,24112500,Pieza,blanco
5162,Hexagono caple kraft 6x9,2.6013,Diseños de Cartón,alimentos y regalos,de línea,caja,24112500,Pieza,blanco
5163,Funda cd caple kraft 12.5x12.5,1.62864,Diseños de Cartón,alimentos y regalos,de línea,caja,24112500,Pieza,blanco
5164,Almohada mini caple kraft 8x7x2.5,1.62864,Diseños de Cartón,alimentos y regalos,de línea,caja,24112500,Pieza,blanco
5165,Caja caple kraft tapa integrada 12.5x11x4.5,2.27708,Diseños de Cartón,alimentos y regalos,de línea,caja,24112500,Pieza,blanco
5166,Dulcera chica caple kraft 10.5x8.5x7,2.27708,Diseños de Cartón,alimentos y regalos,de línea,caja,24112500,Pieza,blanco
5167,Muñeca micro caple kraft 7x7x5.5,2.27708,Diseños de Cartón,alimentos y regalos,de línea,caja,24112500,Pieza,blanco
5168,Caja sorpresa caple kraft 5x4x6,1.62864,Diseños de Cartón,alimentos y regalos,de línea,caja,24112500,Pieza,blanco
5169,Almohada mediana caple kraft 16x15x4,2.27708,Diseños de Cartón,alimentos y regalos,de línea,caja,24112500,Pieza,blanco
5175,Caja muñeca mini 14 feb 9x9x9,3.89818,Diseños de Cartón,alimentos y regalos,de línea,caja,24112500,Pieza,blanco
5176,Caja muñeca ch 14 feb 11x11x11,5.85104,Diseños de Cartón,alimentos y regalos,de línea,caja,24112500,Pieza,blanco
5177,Caja muñeca med 14 feb 15x18x11,8.45234,Diseños de Cartón,alimentos y regalos,de línea,caja,24112500,Pieza,blanco
5178,Caja muñeca gde 14 feb 32x18x15,10.07344,Diseños de Cartón,alimentos y regalos,de línea,caja,24112500,Pieza,blanco
5180,Bolsa europa 14 feb chica 21.5x10.5x28,11.37786,Diseños de Cartón,alimentos y regalos,de línea,caja,24112500,Pieza,blanco
5181,Bolsa europa 14 feb mediana 31x12x36,16.57292,Diseños de Cartón,alimentos y regalos,de línea,caja,24112500,Pieza,blanco
5182,Bolsa europa 14 feb grande 40x13x46.5,25.02526,Diseños de Cartón,alimentos y regalos,de línea,caja,24112500,Pieza,blanco
5183,Peluchera caple 14 feb chica 15x9.5x16.5,8.12812,Diseños de Cartón,alimentos y regalos,de línea,caja,24112500,Pieza,blanco
5184,Peluchera caple 14 feb mediana 20x13x28,13.6474,Diseños de Cartón,alimentos y regalos,de línea,caja,24112500,Pieza,blanco
5185,Peluchera caple 14 feb grande 29x19x38,26.32214,Diseños de Cartón,alimentos y regalos,de línea,caja,24112500,Pieza,blanco
5188,Lonchera mini love 14x11x10,5.85104,Diseños de Cartón,alimentos y regalos,de línea,caja,24112500,Pieza,blanco
5191,Caja para palomitas grande 14 feb 13x13x29,16.57292,Diseños de Cartón,alimentos y regalos,de línea,caja,24112500,Pieza,blanco
5192,Caja para palomitas mediana 14 feb 10x10x20,10.39766,Diseños de Cartón,alimentos y regalos,de línea,caja,24112500,Pieza,blanco
5193,Caja para palomitas chica 14 feb 7.5x7.5x19,6.8237,Diseños de Cartón,alimentos y regalos,de línea,caja,24112500,Pieza,blanco
5196,Caja trenecito caple 16x11x14,8.45234,Diseños de Cartón,alimentos y regalos,de línea,caja,24112500,Pieza,blanco
5197,Cubo turquesa  y rojo 15x15x15,7.14792,Diseños de Cartón,alimentos y regalos,de línea,caja,24112500,Pieza,blanco
5198,Cubo chocolate  21x21x21,16.2487,Diseños de Cartón,alimentos y regalos,de línea,caja,24112500,Pieza,blanco
5201,Bolsa chica sulfatada  9.5x9.5x12,1.95286,Diseños de Cartón,alimentos y regalos,de línea,caja,24112500,Pieza,blanco
5202,Bolsa mediana sulfatada  18.5x11.5x16,5.85104,Diseños de Cartón,alimentos y regalos,de línea,caja,24112500,Pieza,blanco
5203,Bolsa grande sulfatada  18.5x11.5x24,8.12812,Diseños de Cartón,alimentos y regalos,de línea,caja,24112500,Pieza,blanco
5204,Bolsa sulfatada mini 6x3x9,1.62864,Diseños de Cartón,alimentos y regalos,de línea,caja,24112500,Pieza,blanco
5205,Camion bombero 17x9x9,4.2224,Diseños de Cartón,alimentos y regalos,de línea,caja,24112500,Pieza,blanco
5209,Hexagono sulfatado 6x9,4.54662,Diseños de Cartón,alimentos y regalos,de línea,caja,24112500,Pieza,blanco
5210,Muñeca sulfatada 7x7x5.5,3.24974,Diseños de Cartón,alimentos y regalos,de línea,caja,24112500,Pieza,blanco
5253,Almohada con agarradera papa ,13.32318,Diseños de Cartón,alimentos y regalos,de línea,caja,24112500,Pieza,blanco
5254,Lonchera grande papa ,11.70208,Diseños de Cartón,alimentos y regalos,de línea,caja,24112500,Pieza,blanco
5255,Er 06 mama caple kraft 25.5x20x6.5,9.10078,Diseños de Cartón,alimentos y regalos,de línea,caja,24112500,Pieza,blanco
5256,Lonchera grande mama caple kraft ,11.70208,Diseños de Cartón,alimentos y regalos,de línea,caja,24112500,Pieza,blanco
5257,Almohada con agarradera mama caple kraft ,12.01876,Diseños de Cartón,alimentos y regalos,de línea,caja,24112500,Pieza,blanco
5258,Caja yours tipo sobre grande ,13.6474,Diseños de Cartón,alimentos y regalos,de línea,caja,24112500,Pieza,blanco
5259,Dulcera ventana corazon roja y kraft ,3.89818,Diseños de Cartón,alimentos y regalos,de línea,caja,24112500,Pieza,blanco
5260,Cubo contraencolado color liso 20x20x20,18.85,Diseños de Cartón,alimentos y regalos,de línea,caja,24112500,Pieza,blanco
5261,Cubo contraencolado color liso 30x30x30,29.90364,Diseños de Cartón,alimentos y regalos,de línea,caja,24112500,Pieza,blanco
5262,Cubo contraencolado color liso 40x40x40,49.07786,Diseños de Cartón,alimentos y regalos,de línea,caja,24112500,Pieza,blanco
5263,Cubo contraencolado color liso 9x9x9,9.425,Diseños de Cartón,alimentos y regalos,de línea,caja,24112500,Pieza,blanco
5264,Caja vizcaino baby girl 33x23.5x7.5,16.57292,Diseños de Cartón,alimentos y regalos,de línea,caja,24112500,Pieza,blanco
5265,Caja vizcaino baby boy 33x23.5x7.5,16.57292,Diseños de Cartón,alimentos y regalos,de línea,caja,24112500,Pieza,blanco
5266,Lonchera be mine 16x8.5x10,4.2224,Diseños de Cartón,alimentos y regalos,de línea,caja,24112500,Pieza,blanco
5267,Cubo tu 8.5x8.5x8.5,3.89818,Diseños de Cartón,alimentos y regalos,de línea,caja,24112500,Pieza,blanco
5269,Almohada corazon  26x24x6,6.17526,Diseños de Cartón,alimentos y regalos,de línea,caja,24112500,Pieza,blanco
5270,Caja vizcaino dude 33x23.5x7.5,16.57292,Diseños de Cartón,alimentos y regalos,de línea,caja,24112500,Pieza,blanco
5271,Caja vizcaino happy day 14 feb 33x23.5x7.5,16.57292,Diseños de Cartón,alimentos y regalos,de línea,caja,24112500,Pieza,blanco
5272,Er 06 you & me 25.5x20x6.5,9.10078,Diseños de Cartón,alimentos y regalos,de línea,caja,24112500,Pieza,blanco
5273,Caja multiusos true love 27x14.5x20.5,12.67474,Diseños de Cartón,alimentos y regalos,de línea,caja,24112500,Pieza,blanco
5274,Caja vizcaino keep calm 33x23.5x7.5,16.57292,Diseños de Cartón,alimentos y regalos,de línea,caja,24112500,Pieza,blanco
5275,Contenedor color 7.5x7.5x9,2.6013,Diseños de Cartón,alimentos y regalos,de línea,caja,24112500,Pieza,blanco
5276,Caja vizcaino 14 de feb y happy birthday 33x23.5x7.5,16.57292,Diseños de Cartón,alimentos y regalos,de línea,caja,24112500,Pieza,blanco
5277,Caja lunares con corazon 16x11x14,8.45234,Diseños de Cartón,alimentos y regalos,de línea,caja,24112500,Pieza,blanco
5278,Caja tipo frack 7x2.5x11,3.89818,Diseños de Cartón,alimentos y regalos,de línea,caja,24112500,Pieza,blanco
5279,Caja tipo vestido de novia 7x2.5x11,3.89818,Diseños de Cartón,alimentos y regalos,de línea,caja,24112500,Pieza,blanco
5280,Bolsa franky 10x6x13,3.89818,Diseños de Cartón,alimentos y regalos,de línea,caja,24112500,Pieza,blanco
5281,Caja i love you 30x15x6,12.0263,Diseños de Cartón,alimentos y regalos,de línea,caja,24112500,Pieza,blanco
5283,Caja empaque corazon chica 26 ect 19x15x15,10.39766,Diseños de Cartón,alimentos y regalos,de línea,caja,24112500,Pieza,blanco
5284,Caja empaque corazon mediana 26 ect 25x16x16,13.6474,Diseños de Cartón,alimentos y regalos,de línea,caja,24112500,Pieza,blanco
5285,Caja empaque corazon grande 26 ect 30x15x20,16.57292,Diseños de Cartón,alimentos y regalos,de línea,caja,24112500,Pieza,blanco
5286,Cubo surprice 21x21x21,11.37786,Diseños de Cartón,alimentos y regalos,de línea,caja,24112500,Pieza,blanco
5287,Caja muñeca rayas 18x15.5x10,8.12812,Diseños de Cartón,alimentos y regalos,de línea,caja,24112500,Pieza,blanco
5288,Caja happy day 13.5x13.5x28,10.07344,Diseños de Cartón,alimentos y regalos,de línea,caja,24112500,Pieza,blanco
5289,Alcancia fantasma  10x10x13 ,6.8237,Diseños de Cartón,alimentos y regalos,de línea,caja,24112500,Pieza,blanco
5290,Lonchera calabaza 16x9x10,4.54662,Diseños de Cartón,alimentos y regalos,de línea,caja,24112500,Pieza,blanco
5291,Caja vizcaino love 33x23.5x7.5,16.57292,Diseños de Cartón,empaque y embalaje,de línea,caja,24112500,Pieza,kraft
5292,Lonchera siempre tu 16x9x10,4.54662,Diseños de Cartón,empaque y embalaje,de línea,caja,24112500,Pieza,kraft
5293,Caja yours tipo sobre  20x15x4,6.17526,Diseños de Cartón,empaque y embalaje,de línea,caja,24112500,Pieza,kraft
5294,Caja corazon rojo y negro  19x5x5,7.14792,Diseños de Cartón,empaque y embalaje,de línea,caja,24112500,Pieza,kraft
5296,Muñeca mini love 14x11x10,3.89818,Diseños de Cartón,empaque y embalaje,de línea,caja,24112500,Pieza,kraft
5297,Cubo kraft corazon 8.5x8.5x8.5,3.89818,Diseños de Cartón,empaque y embalaje,de línea,caja,24112500,Pieza,kraft
5301,Pastelera super 39x39x12,16.89714,Diseños de Cartón,empaque y embalaje,de línea,caja,24112500,Pieza,kraft
5302,Pasteleragrande 33x33x12,14.30338,Diseños de Cartón,empaque y embalaje,de línea,caja,24112500,Pieza,kraft
5303,Pastelera mediana 30x30x12,13.6474,Diseños de Cartón,empaque y embalaje,de línea,caja,24112500,Pieza,kraft
5304,Pastelera chica  27x27x8,6.17526,Diseños de Cartón,empaque y embalaje,de línea,caja,24112500,Pieza,kraft
5305,Pay chica alta 24x24x10,10.39766,Diseños de Cartón,empaque y embalaje,de línea,caja,24112500,Pieza,kraft
5306,Pastelera chica alta 27x27x12,9.74922,Diseños de Cartón,empaque y embalaje,de línea,caja,24112500,Pieza,kraft
5307,Charola don bosco 41x11x3.5,2.92552,Diseños de Cartón,empaque y embalaje,de línea,caja,24112500,Pieza,kraft
5308,Caja tipo moka 40x14x12,8.45234,Diseños de Cartón,empaque y embalaje,de línea,caja,24112500,Pieza,kraft
5309,Pastelera especial mini 20x20x10,6.8237,Diseños de Cartón,empaque y embalaje,de línea,caja,24112500,Pieza,kraft
5311,Caja para papa grande 9x6x12,1.95286,Diseños de Cartón,empaque y embalaje,de línea,caja,24112500,Pieza,kraft
5312,Caja para papa chica 7x4x9.8,1.62864,Diseños de Cartón,empaque y embalaje,de línea,caja,24112500,Pieza,kraft
5313,Caja para pay (almohada) 13x9x3.5,1.62864,Diseños de Cartón,empaque y embalaje,de línea,caja,24112500,Pieza,kraft
5314,Caja para hamburguesa 14x14x6.5,2.27708,Diseños de Cartón,empaque y embalaje,de línea,caja,24112500,Pieza,kraft
5315,Charola para rebanada de pizza 17x19x2,1.62864,Diseños de Cartón,empaque y embalaje,de línea,caja,24112500,Pieza,kraft
5316,Caja para rebanada de pizza 22.5x23.5x3.5,3.24974,Diseños de Cartón,empaque y embalaje,de línea,caja,24112500,Pieza,kraft
5317,Caja para sandwich 12x10x10,1.95286,Diseños de Cartón,empaque y embalaje,de línea,caja,24112500,Pieza,kraft
5318,Charola para hot dog 14.5x5.5x4,1.62864,Diseños de Cartón,empaque y embalaje,de línea,caja,24112500,Pieza,kraft
5319,Cono para crepa 15.5x14,1.95286,Diseños de Cartón,empaque y embalaje,de línea,caja,24112500,Pieza,kraft
5320,Caja para 4 cup cake con tambor c/vent 16x16x7,7.14792,Diseños de Cartón,empaque y embalaje,de línea,caja,24112500,Pieza,kraft
5321,Caja para 9 cup cake con tambor c/vent 24x24x10,11.37786,Diseños de Cartón,empaque y embalaje,de línea,caja,24112500,Pieza,kraft
5322,Caja para 6 cup cake con tambor c/vent 25x17x7.5,8.45234,Diseños de Cartón,empaque y embalaje,de línea,caja,24112500,Pieza,kraft
5323,Caja para 12 cup cake con tambor c/vent 34x25x7,14.30338,Diseños de Cartón,empaque y embalaje,de línea,caja,24112500,Pieza,kraft
5324,Caja para 1 cup cake con tambor c/vent 9x9x9,3.89818,Diseños de Cartón,empaque y embalaje,de línea,caja,24112500,Pieza,kraft
5325,Caja para 2 cup cake con tambor c/vent 17x9.5x8,4.87838,Diseños de Cartón,empaque y embalaje,de línea,caja,24112500,Pieza,kraft
5326,Caja para 1 cup cake color con tambor c/vent ,4.54662,Diseños de Cartón,empaque y embalaje,de línea,caja,24112500,Pieza,kraft
5402,Lonchera mex box  kraft 29 ect 30x15x19,14.6276,Diseños de Cartón,empaque y embalaje,de línea,caja,24112500,Pieza,kraft
5403,Lonchera super  20x12.3x20.5,7.14792,Diseños de Cartón,empaque y embalaje,de línea,caja,24112500,Pieza,kraft
5404,Lonchera grande 21.5x13x14,6.8237,Diseños de Cartón,empaque y embalaje,de línea,caja,24112500,Pieza,kraft
5405,Lonchera mediana 17x12x14,5.52682,Diseños de Cartón,empaque y embalaje,de línea,caja,24112500,Pieza,kraft
5406,Lonchera chica  17.5x11x7.5,4.2224,Diseños de Cartón,empaque y embalaje,de línea,caja,24112500,Pieza,kraft
5407,Lonchera grande kraft impresa 21.5x13x14,11.70208,Diseños de Cartón,empaque y embalaje,de línea,caja,24112500,Pieza,kraft
5408,Lonchera con ventana de acetato 16x7.5x9,4.54662,Diseños de Cartón,empaque y embalaje,de línea,caja,24112500,Pieza,kraft
5410,Dulcera grande  19.9x11x8.5,5.52682,Diseños de Cartón,empaque y embalaje,de línea,caja,24112500,Pieza,kraft
5411,Dulcera chica  10.5x8.5x7,3.24974,Diseños de Cartón,empaque y embalaje,de línea,caja,24112500,Pieza,kraft
5412,Dulcera lunares chica 11x9x7,3.89818,Diseños de Cartón,empaque y embalaje,de línea,caja,24112500,Pieza,kraft
5414,Dulcera mediana felicidades 16x10x9.5,4.2224,Diseños de Cartón,empaque y embalaje,de línea,caja,24112500,Pieza,kraft
5495,Caja bolito de acetato 5x5x5,3.89818,Diseños de Cartón,empaque y embalaje,de línea,caja,24112500,Pieza,kraft
5496,Hexagono miniatura de acetato  ,3.89818,Diseños de Cartón,empaque y embalaje,de línea,caja,24112500,Pieza,kraft
5497,Er 01 caja regalo 14  pts. Con tapa de acetato 14.5x12.5x5,6.17526,Diseños de Cartón,empaque y embalaje,de línea,caja,24112500,Pieza,kraft
5498,Er 03 caja regalo 14  pts. Con tapa de acetato 20x14x5,8.45234,Diseños de Cartón,empaque y embalaje,de línea,caja,24112500,Pieza,kraft
5499,Er 06 caja regalo 14  pts. Con tapa de acetato 25.5x20x6.5,14.30338,Diseños de Cartón,empaque y embalaje,de línea,caja,24112500,Pieza,kraft
5501,Disco chico p/pastel 25 cm ,2.6013,Diseños de Cartón,empaque y embalaje,de línea,caja,24112500,Pieza,kraft
5502,Disco mediano p/pastel 28 cm ,2.92552,Diseños de Cartón,empaque y embalaje,de línea,caja,24112500,Pieza,kraft
5503,Disco grande p/pastel 35 cm ,3.24974,Diseños de Cartón,empaque y embalaje,de línea,caja,24112500,Pieza,kraft
5504,Base rosca  mediana 60x40,7.14792,Diseños de Cartón,empaque y embalaje,de línea,caja,24112500,Pieza,kraft
5505,Base rosca chica 45x35,4.54662,Diseños de Cartón,empaque y embalaje,de línea,caja,24112500,Pieza,kraft
5506,Base rosca grande 65x45,7.79636,Diseños de Cartón,empaque y embalaje,de línea,caja,24112500,Pieza,kraft
5507,Caja rosca grande micro 67x45x8,16.89714,Diseños de Cartón,empaque y embalaje,de línea,caja,24112500,Pieza,kraft
5508,Caja rosca mediana micro 58x46x6,14.6276,Diseños de Cartón,empaque y embalaje,de línea,caja,24112500,Pieza,kraft
5509,Caja rosca chica micro 34x37x6,8.45234,Diseños de Cartón,empaque y embalaje,de línea,caja,24112500,Pieza,kraft
5510,Caja rosca grande micro 60x45x8,15.27604,Diseños de Cartón,empaque y embalaje,de línea,caja,24112500,Pieza,kraft
5511,Caja rosca mediana micro 45x36x8,11.05364,Diseños de Cartón,empaque y embalaje,de línea,caja,24112500,Pieza,kraft
5512,Caja rosca chica micro 46x29.5x8,10.72188,Diseños de Cartón,empaque y embalaje,de línea,caja,24112500,Pieza,kraft
5601,Caja jumbo micro 64x47x12,34.45026,Diseños de Cartón,empaque y embalaje,de línea,caja,24112500,Pieza,kraft
5602,Caja vestido de novia 59x39x12,32.82162,Diseños de Cartón,empaque y embalaje,de línea,caja,24112500,Pieza,kraft
5603,Caja para ramo de novia 56x30x22,29.90364,Diseños de Cartón,empaque y embalaje,de línea,caja,24112500,Pieza,kraft
5604,Caja para ramo xv años 30x30x22,22.74818,Diseños de Cartón,empaque y embalaje,de línea,caja,24112500,Pieza,kraft
5605,Caja para ramo xv años 26x26x22,18.85,Diseños de Cartón,empaque y embalaje,de línea,caja,24112500,Pieza,kraft
5606,Archialta 18.5x6.5x23.5,6.49948,Diseños de Cartón,empaque y embalaje,de línea,caja,24112500,Pieza,kraft
5607,Archimini 20.5x6x14.5,4.87838,Diseños de Cartón,empaque y embalaje,de línea,caja,24112500,Pieza,kraft
5608,Cubo micro blanco 10x10x10,4.2224,Diseños de Cartón,empaque y embalaje,de línea,caja,24112500,Pieza,kraft
5609,Caja gis 15x11x8,6.17526,Diseños de Cartón,empaque y embalaje,de línea,caja,24112500,Pieza,kraft
5610,Caja micro bond ho 9.5x8.5x12,3.57396,Diseños de Cartón,empaque y embalaje,de línea,caja,24112500,Pieza,kraft
5611,Caja vela grande micro 29x6.3x8,3.89818,Diseños de Cartón,empaque y embalaje,de línea,caja,24112500,Pieza,kraft
5612,Caja vela chica micro 27.5x6x8,3.24974,Diseños de Cartón,empaque y embalaje,de línea,caja,24112500,Pieza,kraft
5613,Cubo rehilete 12x12x12,4.54662,Diseños de Cartón,empaque y embalaje,de línea,caja,24112500,Pieza,kraft
5614,Caja crema gde.   Micro kraft 18x12x11,4.87838,Diseños de Cartón,empaque y embalaje,de línea,caja,24112500,Pieza,kraft
5615,Caja crema chica micro kraft 13x10x7,3.57396,Diseños de Cartón,empaque y embalaje,de línea,caja,24112500,Pieza,kraft
5619,Cubo 20x20x20 kraft 20x20x20,11.37786,Diseños de Cartón,empaque y embalaje,de línea,caja,24112500,Pieza,kraft
5623,Cubo micro kraft 30x30x30,21.77552,Diseños de Cartón,empaque y embalaje,de línea,caja,24112500,Pieza,kraft
5624,Cubo micro kraft 40x40x40,35.74714,Diseños de Cartón,empaque y embalaje,de línea,caja,24112500,Pieza,kraft
5625,Centro de mesa micro kraft grande 16x16x7,4.2224,Diseños de Cartón,empaque y embalaje,de línea,caja,24112500,Pieza,kraft
5626,Bolsa micro kraft grande 15.5x11x17.5,4.54662,Diseños de Cartón,empaque y embalaje,de línea,caja,24112500,Pieza,kraft
5627,Cubo micro kraft  9x9x9,3.57396,Diseños de Cartón,empaque y embalaje,de línea,caja,24112500,Pieza,kraft
5628,Casita micro kraft 17.5x14.5x11,7.47214,Diseños de Cartón,empaque y embalaje,de línea,caja,24112500,Pieza,kraft
5629,Vela mini micro bond 16x6x8,2.92552,Diseños de Cartón,empaque y embalaje,de línea,caja,24112500,Pieza,kraft
5630,Caja doble gis  31x10x8,7.47214,Diseños de Cartón,empaque y embalaje,de línea,caja,24112500,Pieza,kraft
5631,Bolsa micro kraft chica 11.5x7x13,3.24974,Diseños de Cartón,empaque y embalaje,de línea,caja,24112500,Pieza,kraft
5632,Centro de mesa micro kraft chico 13x13x7.5,2.6013,Diseños de Cartón,empaque y embalaje,de línea,caja,24112500,Pieza,kraft
5634,Ordenador de cajon corto 44 ect 19x15x6,9.10078,Diseños de Cartón,empaque y embalaje,de línea,caja,24112500,Pieza,kraft
5637,Caja botella micro kraft  12x12x35,10.39766,Diseños de Cartón,empaque y embalaje,de línea,caja,24112500,Pieza,kraft
5638,Cubo micro kraft  60x60x60,60.44818,Diseños de Cartón,empaque y embalaje,de línea,caja,24112500,Pieza,kraft
5639,Cubo micro kraft  12x12x12,4.87838,Diseños de Cartón,empaque y embalaje,de línea,caja,24112500,Pieza,kraft
5640,Lonchera six micro kraft  18.5x12.5x19,7.47214,Diseños de Cartón,empaque y embalaje,de línea,caja,24112500,Pieza,kraft
5703,Parasol no. 3                                            ,43.55104,Diseños de Cartón,empaque y embalaje,de línea,caja,24112500,Pieza,kraft
5801,Pizza 0 bond 20x20x3,3.24974,Diseños de Cartón,empaque y embalaje,de línea,caja,24112500,Pieza,kraft
5802,Pizza 0 kraft 20x20x3,2.92552,Diseños de Cartón,empaque y embalaje,de línea,caja,24112500,Pieza,kraft
5803,Pizza 1 bond 25x25x3,4.2224,Diseños de Cartón,empaque y embalaje,de línea,caja,24112500,Pieza,kraft
5804,Pizza 1 kraft 25x25x3,3.57396,Diseños de Cartón,empaque y embalaje,de línea,caja,24112500,Pieza,kraft
5807,Pizza 3 bond 32x32x3,6.17526,Diseños de Cartón,empaque y embalaje,de línea,caja,24112500,Pieza,kraft
5808,Pizza 3 kraft 32x32x3,4.87838,Diseños de Cartón,empaque y embalaje,de línea,caja,24112500,Pieza,kraft
5809,Pizza 4 bond 34x34x3,6.49948,Diseños de Cartón,empaque y embalaje,de línea,caja,24112500,Pieza,kraft
5810,Pizza 4 kraft 34x34x3,5.52682,Diseños de Cartón,empaque y embalaje,de línea,caja,24112500,Pieza,kraft
5811,Pizza 4a bond 38x38x3,7.79636,Diseños de Cartón,empaque y embalaje,de línea,caja,24112500,Pieza,kraft
5812,Pizza 4a kraft 38x38x3,6.49948,Diseños de Cartón,empaque y embalaje,de línea,caja,24112500,Pieza,kraft
5813,Pizza 5 bond 41x41x4,9.10078,Diseños de Cartón,empaque y embalaje,de línea,caja,24112500,Pieza,kraft
5814,Pizza 5 kraft 41x41x4,7.47214,Diseños de Cartón,empaque y embalaje,de línea,caja,24112500,Pieza,kraft
5815,Pizza 5a bond 44x44x4,11.37786,Diseños de Cartón,empaque y embalaje,de línea,caja,24112500,Pieza,kraft
5816,Pizza 5a kraft 44x44x4,11.37786,Diseños de Cartón,empaque y embalaje,de línea,caja,24112500,Pieza,kraft
5818,Pizza 30cm bond 30x30x4,6.17526,Diseños de Cartón,empaque y embalaje,de línea,caja,24112500,Pieza,kraft
5819,Pizza 30cm kraft 30x30x4,4.87838,Diseños de Cartón,empaque y embalaje,de línea,caja,24112500,Pieza,kraft
5820,Pizza 36cm bond 36x36x4,6.49948,Diseños de Cartón,empaque y embalaje,de línea,caja,24112500,Pieza,kraft
5821,Pizza 36cm kraft 36x36x4,5.52682,Diseños de Cartón,empaque y embalaje,de línea,caja,24112500,Pieza,kraft
5901,Caja single no. 3 20x14x5,3.57396,Diseños de Cartón,empaque y embalaje,de línea,caja,24112500,Pieza,kraft
5902,Caja single no. 6 25x20x6,4.87838,Diseños de Cartón,empaque y embalaje,de línea,caja,24112500,Pieza,kraft
5903,Caja single no. 13 36x23x5,6.17526,Diseños de Cartón,empaque y embalaje,de línea,caja,24112500,Pieza,kraft
5904,Pastelera mediana single 30x30x12,10.07344,Diseños de Cartón,empaque y embalaje,de línea,caja,24112500,Pieza,kraft
5905,Almohada grande single  31x24x6,4.2224,Diseños de Cartón,empaque y embalaje,de línea,caja,24112500,Pieza,kraft
5906,Cofre mini single 7x4.5x6,2.92552,Diseños de Cartón,empaque y embalaje,de línea,caja,24112500,Pieza,kraft
5907,Cofre mediano single 13x8x11,3.57396,Diseños de Cartón,empaque y embalaje,de línea,caja,24112500,Pieza,kraft
5908,Cofre grande single 20x12x16,6.17526,Diseños de Cartón,empaque y embalaje,de línea,caja,24112500,Pieza,kraft
5909,Lonchera chica single 14x11x10,3.57396,Diseños de Cartón,empaque y embalaje,de línea,caja,24112500,Pieza,kraft
5910,Caja p/botella single 11x11x25,4.54662,Diseños de Cartón,empaque y embalaje,de línea,caja,24112500,Pieza,kraft
5911,Bolsa single chica 9.6x6x12,3.57396,Diseños de Cartón,empaque y embalaje,de línea,caja,24112500,Pieza,kraft
5913,Cubo single 10x10x10,4.2224,Diseños de Cartón,empaque y embalaje,de línea,caja,24112500,Pieza,kraft
5914,Sobre single t/carta 28.5x21.5x1.5,6.49948,Diseños de Cartón,empaque y embalaje,de línea,caja,24112500,Pieza,kraft
5916,Bolo single tipo alcancia 15x8x16,4.54662,Diseños de Cartón,empaque y embalaje,de línea,caja,24112500,Pieza,kraft
5917,Bolsa single mediana 18.5x11.5x16,4.54662,Diseños de Cartón,empaque y embalaje,de línea,caja,24112500,Pieza,kraft
5918,Bolsa single grande 18.5x11.5x24,5.52682,Diseños de Cartón,empaque y embalaje,de línea,caja,24112500,Pieza,kraft
5920,Almohada mini single 8x7x2.5,1.95286,Diseños de Cartón,empaque y embalaje,de línea,caja,24112500,Pieza,kraft
5921,Caja para cd single 15.5x13x3,3.24974,Diseños de Cartón,empaque y embalaje,de línea,caja,24112500,Pieza,kraft
5922,Caja single no.11 39.5x24.5x9,8.45234,Diseños de Cartón,empaque y embalaje,de línea,caja,24112500,Pieza,kraft
5923,Caja single no.15 45x29x8.5,10.07344,Diseños de Cartón,empaque y embalaje,de línea,caja,24112500,Pieza,kraft
5924,Lonchera mediana single 17x12x14,4.54662,Diseños de Cartón,empaque y embalaje,de línea,caja,24112500,Pieza,kraft
5929,Cubo sorpresa single 15x15x23,6.8237,Diseños de Cartón,empaque y embalaje,de línea,caja,24112500,Pieza,kraft
5930,Almohada chica single 26x24x6,3.57396,Diseños de Cartón,empaque y embalaje,de línea,caja,24112500,Pieza,kraft
5931,Centro de mesa single mediano 14x8.5x7,2.27708,Diseños de Cartón,empaque y embalaje,de línea,caja,24112500,Pieza,kraft
5932,Centro de mesa single grande 20x12.5x12.5,4.2224,Diseños de Cartón,empaque y embalaje,de línea,caja,24112500,Pieza,kraft
5933,Centro de mesa single mini 8x5x4.5,1.95286,Diseños de Cartón,empaque y embalaje,de línea,caja,24112500,Pieza,kraft
5934,Cofre corrugado 30x20x15,20.80286,Diseños de Cartón,empaque y embalaje,de línea,caja,24112500,Pieza,kraft
5935,Dulcero grande single 14x8x20,3.24974,Diseños de Cartón,empaque y embalaje,de línea,caja,24112500,Pieza,kraft
5936,Dulcero chica single  11x9x13,2.27708,Diseños de Cartón,empaque y embalaje,de línea,caja,24112500,Pieza,kraft
5937,Centro de mesa plano grande single 19x19x7.5,3.57396,Diseños de Cartón,empaque y embalaje,de línea,caja,24112500,Pieza,kraft
5938,Centro de mesa plano chico single 15x15x7.5,2.92552,Diseños de Cartón,empaque y embalaje,de línea,caja,24112500,Pieza,kraft
5939,Cofre corrugado jumbo 40x30x20,32.4974,Diseños de Cartón,empaque y embalaje,de línea,caja,24112500,Pieza,kraft
5940,Cubo single ho 9.5x8.5x12,3.57396,Diseños de Cartón,empaque y embalaje,de línea,caja,24112500,Pieza,kraft
5941,Almohada jumbo single 35x30x10,5.52682,Diseños de Cartón,empaque y embalaje,de línea,caja,24112500,Pieza,kraft
6001,Caja joyería # 32 8x5.5x2.5,6.8237,Diseños de Cartón,empaque y embalaje,de línea,caja,24112500,Pieza,kraft
6002,Caja pulsera # 33  9x9x2.5,9.10078,Diseños de Cartón,empaque y embalaje,de línea,caja,24112500,Pieza,kraft
6005,Caja reloj # 82 20.5x5x2,10.39766,Diseños de Cartón,ecológica,de línea,caja,24112500,Pieza,kraft
6006,Caja collar # 75 18x13x2.5,19.17422,Diseños de Cartón,ecológica,de línea,caja,24112500,Pieza,kraft
6007,Papel regalo disney ,4.2224,Diseños de Cartón,ecológica,de línea,caja,24112500,Pieza,kraft
6008,Papel regalo couche ,3.57396,Diseños de Cartón,ecológica,de línea,caja,24112500,Pieza,kraft
6009,Papel regalo kraft ,3.57396,Diseños de Cartón,ecológica,de línea,caja,24112500,Pieza,kraft
6010,Papel de china ,0.97266,Diseños de Cartón,ecológica,de línea,caja,24112500,Pieza,kraft
6011,Moño mágico mediano ,0.97266,Diseños de Cartón,ecológica,de línea,caja,24112500,Pieza,kraft
6012,Moño magico chico  ,0.64844,Diseños de Cartón,ecológica,de línea,caja,14111600,Pieza,kraft
6013,Moño magico gde  ,1.95286,Diseños de Cartón,ecológica,de línea,caja,14111600,Pieza,kraft
6014,Cinta celofan transparente  12x33,12.0263,Diseños de Cartón,ecológica,de línea,caja,14111600,Pieza,kraft
6015,Cinta diurex 12x10,1.95286,Diseños de Cartón,ecológica,de línea,caja,31201500,Pieza,kraft
6017,Papel regalo metalico ,2.6013,Diseños de Cartón,ecológica,de línea,caja,31201500,Pieza,kraft
6019,Papel de china picado  ,2.92552,Diseños de Cartón,ecológica,de línea,caja,14111600,Pieza,kraft
6020,Moño chico decorado ,5.85104,Diseños de Cartón,ecológica,de línea,caja,14111600,Pieza,kraft
6021,Moño mediano decorado ,8.12812,Diseños de Cartón,ecológica,de línea,caja,14111600,Pieza,kraft
6022,Cilindro chico  de acetato 21x24,20.14688,Diseños de Cartón,ecológica,de línea,caja,14111600,Pieza,kraft
6024,Moño grande decorado ,10.72188,Diseños de Cartón,ecológica,de línea,caja,24112500,Pieza,kraft
6029,Portaretrato single s/decorar 20x15,3.24974,Diseños de Cartón,ecológica,de línea,caja,14111600,Pieza,kraft
6030,Portaretrato single decorado 20x15,7.79636,Diseños de Cartón,ecológica,de línea,caja,14121500,Pieza,kraft
6031,Cofre corrugado gde. Decorado 30x20x15,42.24662,Diseños de Cartón,ecológica,de línea,caja,14121500,Pieza,kraft
6032,Cofre mediano single decorado 13x8x11,7.79636,Diseños de Cartón,ecológica,de línea,caja,24112500,Pieza,kraft
6033,Cofre grande dec single  20x12x16,11.37786,Diseños de Cartón,ecológica,de línea,caja,24112500,Pieza,kraft
6037,Bolsa papel kraft mini-mini  6x3.5x8,3.89818,Diseños de Cartón,ecológica,de línea,caja,24112500,Pieza,kraft
6043,Bolsa kraft natural para botella c/ojillo 10x10x33,8.12812,Diseños de Cartón,ecológica,de línea,caja,24121500,Pieza,kraft
6047,Cubo corrugado decorado 30x30x30,42.24662,Diseños de Cartón,ecológica,de línea,caja,24121500,Pieza,kraft
6049,Corazón  pintado chico 13x8.5x11,13.32318,Diseños de Cartón,ecológica,de línea,caja,24112500,Pieza,kraft
6050,Corazón  pintado mediano 29x21x21,24.70104,Diseños de Cartón,ecológica,de línea,caja,24112500,Pieza,kraft
6051,Corazón  pintado grande 35x25x26,33.4776,Diseños de Cartón,ecológica,de línea,caja,24112500,Pieza,kraft
6081,Cilindro de acetato mediano  26x32,32.4974,Diseños de Cartón,ecológica,de línea,caja,24112500,Pieza,kraft
6086,Cilindro de acetato jumbo 40x56,78.64974,Diseños de Cartón,ecológica,de línea,caja,14111600,Pieza,kraft
6087,Cilindro de acetato grande 30x36,40.3013,Diseños de Cartón,ecológica,de línea,caja,14111600,Pieza,kraft
6088,Cilindro de acetato p/corona 16x6.5,7.79636,Diseños de Cartón,ecológica,de línea,caja,14111600,Pieza,kraft
6089,Cilindro bolo de acetato 11.5x10,6.8237,Diseños de Cartón,ecológica,de línea,caja,14111600,Pieza,kraft
6090,Cilindro mini corrugado  16x20,7.47214,Diseños de Cartón,ecológica,de línea,caja,14111600,Pieza,kraft
6091,Cilindro chico corrugado  21x24,11.05364,Diseños de Cartón,ecológica,de línea,caja,24112500,Pieza,kraft
6092,Cilindro mediano corrugado     26x32,16.57292,Diseños de Cartón,ecológica,de línea,caja,24112500,Pieza,kraft
6093,Cilindro grande corrugado  30x36,20.80286,Diseños de Cartón,ecológica,de línea,caja,24112500,Pieza,kraft
6094,Cilindro jumbo corrugado  40x50,35.74714,Diseños de Cartón,ecológica,de línea,caja,24112500,Pieza,kraft
6095,Cilindro petit micro  11.5x16,6.49948,Diseños de Cartón,ecológica,de línea,caja,24112500,Pieza,kraft
6096,Cilindro de acetato mini  16x20,15.27604,Diseños de Cartón,ecológica,de línea,caja,24112500,Pieza,kraft
6097,Cilindro joyero acetato 7.8x6.5,5.52682,Diseños de Cartón,ecológica,de línea,caja,24112500,Pieza,kraft
6098,Cilindro petit acetato 11.5x16,9.425,Diseños de Cartón,ecológica,de línea,caja,24112500,Pieza,kraft
6102,Cilindro joyero micro 7.8x6.5,4.2224,Diseños de Cartón,ecológica,de línea,caja,24112500,Pieza,kraft
6108,Bolo acetato tira pintada 13.5x13,8.45234,Diseños de Cartón,ecológica,de línea,caja,24112500,Pieza,kraft
6110,Cilindro de acetato p/ tocado 19x8,10.07344,Diseños de Cartón,ecológica,de línea,caja,24112500,Pieza,kraft
6118,Cilindro joyero color  7.8x6.5,4.2224,Diseños de Cartón,ecológica,de línea,caja,24112500,Pieza,kraft
6119,Caja sombrero med single  40x15,35.74714,Diseños de Cartón,ecológica,de línea,caja,24112500,Pieza,kraft
6120,Caja sombrero grande single  47x20,42.57838,Diseños de Cartón,ecológica,de línea,caja,24112500,Pieza,kraft
6121,Caja hexagono chico corrugado 22x16,11.37786,Diseños de Cartón,ecológica,de línea,caja,24112500,Pieza,kraft
6122,Caja hexagono med corrugado 29x21,20.80286,Diseños de Cartón,ecológica,de línea,caja,24112500,Pieza,kraft
6123,Caja hexagono gde corrugado 35x26,27.95078,Diseños de Cartón,ecológica,de línea,caja,24112500,Pieza,kraft
6124,Caja ovalo chico corrugado 20x13x16,7.47214,Diseños de Cartón,ecológica,de línea,caja,24112500,Pieza,kraft
6125,Caja ovalo med corrugado 28x17x21,10.72188,Diseños de Cartón,ecológica,de línea,caja,24112500,Pieza,kraft
6126,Caja ovalo gde corrugado 39x23x26,24.70104,Diseños de Cartón,ecológica,de línea,caja,24112500,Pieza,kraft
6127,Estrella chica corrugado  17x10,10.07344,Diseños de Cartón,ecológica,de línea,caja,24112500,Pieza,kraft
6128,Estrella grande corrugado  30x15,19.82266,Diseños de Cartón,ecológica,de línea,caja,24112500,Pieza,kraft
6129,Caja hexagono chica decorado corrug 22x16,21.12708,Diseños de Cartón,ecológica,de línea,caja,24112500,Pieza,kraft
6130,Caja hexagono med decorado corrug 29x21,25.6737,Diseños de Cartón,ecológica,de línea,caja,24112500,Pieza,kraft
6131,Caja hexagono gde decorado corrug  35x26,40.62552,Diseños de Cartón,ecológica,de línea,caja,24112500,Pieza,kraft
6132,Caja ovalo chico decorado corrugado 20x13x16,21.12708,Diseños de Cartón,ecológica,de línea,caja,24112500,Pieza,kraft
6133,Caja ovalo med decorado corrugado 28x17x21,25.6737,Diseños de Cartón,ecológica,de línea,caja,24112500,Pieza,kraft
6134,Caja ovalo gde decorado corrugado 39x23x26,32.4974,Diseños de Cartón,ecológica,de línea,caja,24112500,Pieza,kraft
6135,Casita decorada  17.5x14.5x11,26.32214,Diseños de Cartón,ecológica,de línea,caja,24112500,Pieza,kraft
6136,Estrella jumbo corrugado 48x20,34.77448,Diseños de Cartón,ecológica,de línea,caja,24112500,Pieza,kraft
6137,Cubo corrugado sin decorar 30x30,15.27604,Diseños de Cartón,ecológica,de línea,caja,24112500,Pieza,kraft
6138,Cofre jumbo decorado corrugado 40x30x30,54.27292,Diseños de Cartón,ecológica,de línea,caja,24112500,Pieza,kraft
6139,Caja manzana chica corrugado 16x13x11,15.60026,Diseños de Cartón,ecológica,de línea,caja,24112500,Pieza,kraft
6140,Caja manzana grande corrugado 29.5x25x15,24.70104,Diseños de Cartón,exhibidores,de línea,exhibidor,24112500,Pieza,blanco
6141,Cilindro petit decorado corrugado t/o  11.5x16,18.20156,Diseños de Cartón,exhibidores,de línea,exhibidor,24112500,Pieza,blanco
6142,Cilindro mini decorado corrugado t/o  16x20,22.42396,Diseños de Cartón,exhibidores,de línea,exhibidor,24112500,Pieza,blanco
6143,Cilindro chico decorado corrugado t/o  21x24,28.275,Diseños de Cartón,exhibidores,de línea,exhibidor,24112500,Pieza,blanco
6144,Cilindro mediano decorado corrugado t/o  26x32,35.0987,Diseños de Cartón,exhibidores,de línea,exhibidor,24112500,Pieza,blanco
6145,Cilindro grande decorado corrugado t/o  30x36,38.99688,Diseños de Cartón,exhibidores,de línea,exhibidor,24112500,Pieza,blanco
6146,Cilindro jumbo decorado corrugado t/o  40x50,52.3276,Diseños de Cartón,exhibidores,de línea,exhibidor,24112500,Pieza,blanco
6147,Cilindro de acetato botella decorada 11.5x35,28.275,Diseños de Cartón,exhibidores,de línea,exhibidor,24112500,Pieza,blanco
6148,Cilindro corrugado botella decorada 11.5x35,22.74818,Diseños de Cartón,exhibidores,de línea,exhibidor,24112500,Pieza,blanco
6149,Caja chocolatera decorada t/o 14.5x14.5x8,17.22136,Diseños de Cartón,exhibidores,de línea,exhibidor,24112500,Pieza,blanco
6150,Cilindro sorpresa corrugado decorado 16x10.5,17.22136,Diseños de Cartón,exhibidores,de línea,exhibidor,24112500,Pieza,blanco
6151,Caja domino corrugado 20.5x10.5x5,11.05364,Diseños de Cartón,exhibidores,de línea,exhibidor,24112500,Pieza,blanco
6152,Caja carta baraja corrugado 20.5x10.5x5,11.37786,Diseños de Cartón,exhibidores,de línea,exhibidor,24112500,Pieza,blanco
6153,Caja dado chico corrugado 10x10x10,14.95182,Diseños de Cartón,exhibidores,de línea,exhibidor,24112500,Pieza,blanco
6154,Caja dado grande corrugado 15x15x15,24.70104,Diseños de Cartón,exhibidores,de línea,exhibidor,24112500,Pieza,blanco
6155,Caja mariposa grande corrugado decorado 44x16,39.65286,Diseños de Cartón,exhibidores,de línea,exhibidor,24112500,Pieza,blanco
6156,Caja mariposa chica corrugado decorado 27x11,28.275,Diseños de Cartón,exhibidores,de línea,exhibidor,24112500,Pieza,blanco
6157,Caja flor grande corrugado decorado 39x15,39.65286,Diseños de Cartón,exhibidores,de línea,exhibidor,24112500,Pieza,blanco
6158,Caja flor chica corrugado decorado 19x10,28.275,Diseños de Cartón,exhibidores,de línea,exhibidor,24112500,Pieza,blanco
6163,Corazon grande 15 cm de altura ,24.70104,Diseños de Cartón,exhibidores,de línea,exhibidor,24112500,Pieza,blanco
6165,Corazon corrugado con ventana 29x21x6,20.80286,Diseños de Cartón,exhibidores,de línea,exhibidor,24112500,Pieza,blanco
6166,Cilindro grande de 15 cm de altura 14 feb ,34.45026,Diseños de Cartón,exhibidores,de línea,exhibidor,24112500,Pieza,blanco
6203,Contenedor chico  dc 48 ect 40x40x47,66.62344,Diseños de Cartón,exhibidores,de línea,exhibidor,24112500,Pieza,blanco
6204,Contenedor grande dc 48 ect 40x40x92,102.70234,Diseños de Cartón,exhibidores,de línea,exhibidor,24112500,Pieza,blanco
6205,Caja cuadro chico 29 ect 45.5x38x4.5,17.87734,Diseños de Cartón,exhibidores,de línea,exhibidor,24112500,Pieza,blanco
6206,Caja cuadro grande 29 ect 62x55x5,32.4974,Diseños de Cartón,exhibidores,de línea,exhibidor,24112500,Pieza,blanco
6207,Juguetero impreso niño/niña dc 48 ect 40x40x47,91.32448,Diseños de Cartón,exhibidores,de línea,exhibidor,24112500,Pieza,blanco
6209,Casita blanca corrugada 1.14x.84x1.28,484.57318,Diseños de Cartón,exhibidores,de línea,exhibidor,24112500,Pieza,blanco
6210,Avion  1.00x.50,224.90312,Diseños de Cartón,exhibidores,de línea,exhibidor,24112500,Pieza,blanco
6211,Estufa en corrug kraft  45x30x56,84.50078,Diseños de Cartón,exhibidores,de línea,exhibidor,24112500,Pieza,blanco
6212,Carrito en corrug kraft  100x35x60,97.49974,Diseños de Cartón,exhibidores,de línea,exhibidor,24112500,Pieza,blanco
6213,Cohete en corrug kraft  80x70x130,110.4987,Diseños de Cartón,exhibidores,de línea,exhibidor,24112500,Pieza,blanco
6214,Juego de vinil para estufa  60x55,29.90364,Diseños de Cartón,exhibidores,de línea,exhibidor,24112500,Pieza,blanco
6215,Juego de vinil para carrito  90x57,48.75364,Diseños de Cartón,exhibidores,de línea,exhibidor,24112500,Pieza,blanco
6216,Juego de vinil para cohete  87x65,52.65182,Diseños de Cartón,exhibidores,de línea,exhibidor,24112500,Pieza,blanco
6301,Exhibidor de carton 44 ect 1.02x31x1.49,353.27162,Diseños de Cartón,exhibidores,de línea,exhibidor,24112500,Pieza,blanco
6307,Pino corrugado ensamblable medida 54x61 ,19.82266,Diseños de Cartón,exhibidores,de línea,exhibidor,24112500,Pieza,blanco
6308,Pino corrugado con estrella ensamblable medida 45x68 ,27.62656,Diseños de Cartón,exhibidores,de línea,exhibidor,24112500,Pieza,blanco
6309,Cilindro bastones chico  ,21.77552,Diseños de Cartón,exhibidores,de línea,exhibidor,24112500,Pieza,blanco
6310,Centro de mesa chico single reno ,8.45234,Diseños de Cartón,exhibidores,de línea,exhibidor,24112500,Pieza,blanco
6311,Centro de mesa grande single reno ,13.97162,Diseños de Cartón,exhibidores,de línea,exhibidor,24112500,Pieza,blanco
6312,Centro de mesa chico plano single reno ,10.39766,Diseños de Cartón,exhibidores,de línea,exhibidor,24112500,Pieza,blanco
6313,Centro de mesa grande plano single reno ,12.99896,Diseños de Cartón,exhibidores,de línea,exhibidor,24112500,Pieza,blanco
6314,Caja pingüino corrugado  ,12.99896,Diseños de Cartón,exhibidores,de línea,exhibidor,24112500,Pieza,blanco
6315,Caja campana corrugado ,39.65286,Diseños de Cartón,exhibidores,de línea,exhibidor,24112500,Pieza,blanco
6316,Caja galleta jengibre corrugado ,34.45026,Diseños de Cartón,exhibidores,de línea,exhibidor,24112500,Pieza,blanco
6317,Caja pino chico micro navideña ,18.20156,Diseños de Cartón,exhibidores,de línea,exhibidor,24112500,Pieza,blanco
6318,Caja corrugado decorado navideño 30x30x20,38.02422,Diseños de Cartón,exhibidores,de línea,exhibidor,24112500,Pieza,blanco
6319,Caja pino grande decorado micro navideña ,22.74818,Diseños de Cartón,exhibidores,de línea,exhibidor,24112500,Pieza,blanco
6320,Caja mono de nieve micro navideña ,34.45026,Diseños de Cartón,exhibidores,de línea,exhibidor,24112500,Pieza,blanco
6321,Caja bota micro navideña ,19.82266,Diseños de Cartón,exhibidores,de línea,exhibidor,24112500,Pieza,blanco
6322,Caja baston micro navideña ,27.62656,Diseños de Cartón,exhibidores,de línea,exhibidor,24112500,Pieza,blanco
6323,Cofre jumbo corrugado decorado navideño ,54.27292,Diseños de Cartón,exhibidores,de línea,exhibidor,24112500,Pieza,blanco
6324,Cilindro de acetato botella decorado nav 11x37,28.275,Diseños de Cartón,exhibidores,de línea,exhibidor,24112500,Pieza,blanco
6325,Cilindro corrugado botella decorado nav 11x.5x35,22.74818,Diseños de Cartón,exhibidores,de línea,exhibidor,24112500,Pieza,blanco
6326,Caja chocolatera decorada navideña y moño 14.5x14.5x8,17.22136,Diseños de Cartón,exhibidores,de línea,exhibidor,24112500,Pieza,blanco
6327,Cilindro sorpresa corrugado decorado nav 16x17,17.22136,Diseños de Cartón,exhibidores,de línea,exhibidor,24112500,Pieza,blanco
6328,Cilindro corrugado cara de reno nav ,30.55208,Diseños de Cartón,exhibidores,de línea,exhibidor,24112500,Pieza,blanco
6329,Cilindro corrugado vela navideña ,30.55208,Diseños de Cartón,exhibidores,de línea,exhibidor,24112500,Pieza,blanco
6330,Caja hexagono chica dec navideña corrug 22x16,21.12708,Diseños de Cartón,exhibidores,de línea,exhibidor,24112500,Pieza,blanco
6331,Caja hexagono mediano dec navideña corrug 29x21,25.6737,Diseños de Cartón,exhibidores,de línea,exhibidor,24112500,Pieza,blanco
6332,Caja hexagono grande dec navideña corrug 35x26,40.62552,Diseños de Cartón,exhibidores,de línea,exhibidor,24112500,Pieza,blanco
6333,Caja ovalo chica dec navideña corrug 20x13x16,21.12708,Diseños de Cartón,exhibidores,de línea,exhibidor,24112500,Pieza,blanco
6334,Caja ovalo med dec navideña corrug 28x17x21,25.6737,Diseños de Cartón,exhibidores,de línea,exhibidor,24112500,Pieza,blanco
6335,Caja ovalo gde dec navideña corrug 39x23x26,32.4974,Diseños de Cartón,exhibidores,de línea,exhibidor,24112500,Pieza,blanco
6336,Cofre grande dec navideño single 30x20x15,13.32318,Diseños de Cartón,exhibidores,de línea,exhibidor,24112500,Pieza,blanco
6350,Cilindro mediano pintado navideño santa claus ,43.55104,Diseños de Cartón,exhibidores,de línea,exhibidor,24112500,Pieza,blanco
6351,Cilindro grande pintado navideño santa claus ,50.05052,Diseños de Cartón,exhibidores,de línea,exhibidor,24112500,Pieza,blanco
6352,Cilindro jumbo pintado navideño santa claus ,63.69792,Diseños de Cartón,exhibidores,de línea,exhibidor,24112500,Pieza,blanco
6360,Casita dec navideña 17.5x14.5x11,24.37682,Diseños de Cartón,exhibidores,de línea,exhibidor,24112500,Pieza,blanco
6384,Cofre jumbo dec navideño corrugado 40x30x30,54.27292,Diseños de Cartón,exhibidores,de línea,exhibidor,24112500,Pieza,blanco
6385,Cofre med dec navideño single 13x8x11,7.79636,Diseños de Cartón,exhibidores,de línea,exhibidor,24112500,Pieza,blanco
6386,Cofre grande dec navideño corrugado 30x20x15,49.7263,Diseños de Cartón,exhibidores,de línea,exhibidor,24112500,Pieza,blanco
6387,Portaretrato dec navideño single 20x15,7.79636,Diseños de Cartón,exhibidores,de línea,exhibidor,24112500,Pieza,blanco
6408,Bolsa para botella kraft y satinada navideña ,17.22136,Diseños de Cartón,exhibidores,de línea,exhibidor,24112500,Pieza,blanco
6409,Papel de china impreso navideño ,4.54662,Diseños de Cartón,exhibidores,de línea,exhibidor,24112500,Pieza,blanco
6414,Bolsa satinada chica navideña ,7.79636,Diseños de Cartón,exhibidores,de línea,exhibidor,24112500,Pieza,blanco
6415,Bolsa satinada mediana navideña ,9.425,Diseños de Cartón,exhibidores,de línea,exhibidor,24112500,Pieza,blanco
6416,Bolsa satinada grande navideña ,13.32318,Diseños de Cartón,exhibidores,de línea,exhibidor,24112500,Pieza,blanco
6417,Bolsa satinada jumbo navideña ,17.22136,Diseños de Cartón,exhibidores,de línea,exhibidor,24112500,Pieza,blanco
6425,Papel couche navideño ,3.89818,Diseños de Cartón,exhibidores,de línea,exhibidor,24112500,Pieza,blanco
6426,Papel disney navideño ,4.54662,Diseños de Cartón,exhibidores,de línea,exhibidor,14111600,Pieza,blanco
6429,Papel holograma ,4.87838,Diseños de Cartón,exhibidores,de línea,exhibidor,14111600,Pieza,blanco
6430,Papel gofrado ,3.24974,Diseños de Cartón,exhibidores,de línea,exhibidor,14111600,Pieza,blanco
6431,Caja vizcaino navidad 33x23.5x7.5,18.20156,Diseños de Cartón,exhibidores,de línea,exhibidor,14111600,Pieza,blanco
6433,Dulcera casita navideña ,4.87838,Diseños de Cartón,exhibidores,de línea,exhibidor,14111600,Pieza,blanco
6435,Cubo contraencolado 30x30 copos 30x30,46.80078,Diseños de Cartón,exhibidores,de línea,exhibidor,24112500,Pieza,blanco
6438,Moño mini metalico ,1.29688,Diseños de Cartón,exhibidores,de línea,exhibidor,24112500,Pieza,blanco
6439,Er 11 especial renos ,11.05364,Diseños de Cartón,exhibidores,de línea,exhibidor,14111600,Pieza,blanco
6440,Er 06 navideña 25.5x20x6.5,10.72188,Diseños de Cartón,exhibidores,de línea,exhibidor,24112500,Pieza,blanco
6441,Er 13 navideña 36x22.5x5.5,11.70208,Diseños de Cartón,exhibidores,de línea,exhibidor,14111600,Pieza,blanco
6442,Caja happy day navidad ,11.70208,Diseños de Cartón,exhibidores,de línea,exhibidor,14111600,Pieza,blanco
6443,Caja multiusos navideña 27x14.5x20.5,13.97162,Diseños de Cartón,exhibidores,de línea,exhibidor,24112500,Pieza,blanco
6444,Lonchera mini navidad 14x11x10,6.8237,Diseños de Cartón,exhibidores,de línea,exhibidor,24112500,Pieza,blanco
6445,"Lonchera mediana renos,dulce y santa 17x11.5x13",6.8237,Diseños de Cartón,exhibidores,de línea,exhibidor,24112500,Pieza,blanco
6448,Dulcera med. Navideña 16x10x9.5,5.52682,Diseños de Cartón,exhibidores,de línea,exhibidor,24112500,Pieza,blanco
6449,"Dulcera bota, pino y baston 8.7x5x13.7",4.2224,Diseños de Cartón,exhibidores,de línea,exhibidor,24112500,Pieza,blanco
6450,Moño med. Decorado navideño ,9.10078,Diseños de Cartón,exhibidores,de línea,exhibidor,24112500,Pieza,blanco
6451,Moño gde. Decorado navideño ,11.70208,Diseños de Cartón,exhibidores,de línea,exhibidor,14111600,Pieza,blanco
6452,Almohada ho ho ho gde navideña 31.5x22.5x6,6.8237,Diseños de Cartón,exhibidores,de línea,exhibidor,14111600,Pieza,blanco
6454,Peluchera mediana caple navideña 20x13x28,13.32318,Diseños de Cartón,exhibidores,de línea,exhibidor,24112500,Pieza,blanco
6455,Peluchera mediana reno navideña 20x13x28,13.32318,Diseños de Cartón,exhibidores,de línea,exhibidor,24112500,Pieza,blanco
6456,Caja tipo vizcaino reno 34x24.5x8,16.57292,Diseños de Cartón,exhibidores,de línea,exhibidor,24112500,Pieza,blanco
6457,Caja 13 oh chrisma tree 30x23x5.5,12.99896,Diseños de Cartón,exhibidores,de línea,exhibidor,24112500,Pieza,kraft
6458,Caja tipo bolsa con asa  32x26x7.5,14.6276,Comercializadora de Cartón y Diseño,exhibidores,de línea,exhibidor,24112500,Pieza,kraft
6459, Cubo esferas 15x15x15,7.14792,Comercializadora de Cartón y Diseño,exhibidores,de línea,exhibidor,24112500,Pieza,kraft
6460,Caja tipo almohada santa 26.5x23x6,8.45234,Comercializadora de Cartón y Diseño,exhibidores,de línea,exhibidor,24112500,Pieza,kraft
6461,Alcancia reno  ,7.47214,Comercializadora de Cartón y Diseño,exhibidores,de línea,exhibidor,24112500,Pieza,kraft
6462,Alcancia santa ,7.47214,Comercializadora de Cartón y Diseño,exhibidores,de línea,exhibidor,24112500,Pieza,kraft
6463,Lonchera mediana renos feliz navidad ,6.8237,Comercializadora de Cartón y Diseño,exhibidores,de línea,exhibidor,24112500,Pieza,kraft
6464,Casita kraft navideña ,14.6276,Comercializadora de Cartón y Diseño,exhibidores,de línea,exhibidor,24112500,Pieza,kraft
6474,Cubo 30x30 merry chrismas ,25.02526,Comercializadora de Cartón y Diseño,exhibidores,de línea,exhibidor,24112500,Pieza,kraft
6475,Cubo surprice navideño ,14.30338,Comercializadora de Cartón y Diseño,exhibidores,de línea,exhibidor,24112500,Pieza,kraft
6482,Lonchera copos de nieve ,4.87838,Comercializadora de Cartón y Diseño,exhibidores,de línea,exhibidor,24112500,Pieza,kraft
6486,Lonchera extra mini santa navideña ,4.54662,Comercializadora de Cartón y Diseño,exhibidores,de línea,exhibidor,24112500,Pieza,kraft
6487,Caja palomitas navideña grande ,17.87734,Comercializadora de Cartón y Diseño,exhibidores,de línea,exhibidor,24112500,Pieza,kraft
6488,Caja palomitas navideña mediana ,12.67474,Comercializadora de Cartón y Diseño,exhibidores,de línea,exhibidor,24112500,Pieza,kraft
6489,Caja palomitas navideña chica ,7.47214,Comercializadora de Cartón y Diseño,exhibidores,de línea,exhibidor,24112500,Pieza,kraft
6490,Bolsa europa arbol navidad mediana ,17.87734,Comercializadora de Cartón y Diseño,exhibidores,de línea,exhibidor,24112500,Pieza,kraft
6491,Bolsa europa navideña chica ,9.10078,Comercializadora de Cartón y Diseño,exhibidores,de línea,exhibidor,24112500,Pieza,kraft
6494,Dulcero renos ,6.49948,Comercializadora de Cartón y Diseño,exhibidores,de línea,exhibidor,24121500,Pieza,kraft
6495,Caja muñeca grande santa ,13.32318,Comercializadora de Cartón y Diseño,exhibidores,de línea,exhibidor,24121500,Pieza,kraft
6496,Dulcera especial esferas y reno ,16.2487,Comercializadora de Cartón y Diseño,exhibidores,de línea,exhibidor,24112500,Pieza,kraft
6497,Lonchera eco navideña ,15.27604,Comercializadora de Cartón y Diseño,exhibidores,de línea,exhibidor,24112500,Pieza,kraft
6498,Peluchera grande jengibre ,28.92344,Comercializadora de Cartón y Diseño,exhibidores,de línea,exhibidor,24112500,Pieza,kraft
6499,Lonchera grande reno y esfera  ,10.07344,Comercializadora de Cartón y Diseño,exhibidores,de línea,exhibidor,24112500,Pieza,kraft
6501,Bolsa satinada mini  ,3.57396,Comercializadora de Cartón y Diseño,exhibidores,de línea,exhibidor,24112500,Pieza,kraft
6502,Bolsa satinada chica    ,4.2224,Comercializadora de Cartón y Diseño,exhibidores,de línea,exhibidor,24112500,Pieza,kraft
6503,Bolsa satinada mediana  ,6.49948,Comercializadora de Cartón y Diseño,exhibidores,de línea,exhibidor,24112500,Pieza,kraft
6504,Bolsa satinada grande  ,7.47214,Comercializadora de Cartón y Diseño,exhibidores,de línea,exhibidor,24121500,Pieza,kraft
6505,Bolsa satinada jumbo  ,14.30338,Comercializadora de Cartón y Diseño,exhibidores,de línea,exhibidor,24121500,Pieza,kraft
6520,Bolsa kraft color hor y ver mini ,6.49948,Comercializadora de Cartón y Diseño,exhibidores,de línea,exhibidor,24121500,Pieza,kraft
6521,Bolsa kraft color hor y ver chica ,7.47214,Comercializadora de Cartón y Diseño,exhibidores,de línea,exhibidor,24121500,Pieza,kraft
6522,Bolsa kraft color hor y ver mediana ,9.10078,Comercializadora de Cartón y Diseño,exhibidores,de línea,exhibidor,24121500,Pieza,kraft
6523,Bolsa kraft color hor y ver grande  ,10.07344,Comercializadora de Cartón y Diseño,exhibidores,de línea,exhibidor,24121500,Pieza,kraft
6524,Bolsa kraft color hor y ver jumbo ,12.99896,Comercializadora de Cartón y Diseño,exhibidores,de línea,exhibidor,24121500,Pieza,kraft
6525,Bolsa kraft natural hor y ver mini ,4.87838,Comercializadora de Cartón y Diseño,exhibidores,de línea,exhibidor,24121500,Pieza,kraft
6526,Bolsa kraft natural hor y ver chica ,6.17526,Comercializadora de Cartón y Diseño,exhibidores,de línea,exhibidor,24121500,Pieza,kraft
6527,Bolsa kraft natural hor y ver mediana ,7.47214,Comercializadora de Cartón y Diseño,exhibidores,de línea,exhibidor,24121500,Pieza,kraft
6528,Bolsa kraft natural hor y ver grande ,8.45234,Comercializadora de Cartón y Diseño,exhibidores,de línea,exhibidor,24121500,Pieza,kraft
6529,Bolsa kraft natural hor y ver jumbo ,10.39766,Comercializadora de Cartón y Diseño,exhibidores,de línea,exhibidor,24121500,Pieza,kraft
6530,Bolsa para botella  kraft pintada ,7.14792,Comercializadora de Cartón y Diseño,exhibidores,de línea,exhibidor,24121500,Pieza,kraft
6531,Bolsa para botella  kraft natural sin ojillo ,5.85104,Comercializadora de Cartón y Diseño,exhibidores,de línea,exhibidor,24121500,Pieza,kraft
6594,Bolsa bond mini horizontal y vertical blanca  ,3.24974,Comercializadora de Cartón y Diseño,exhibidores,de línea,exhibidor,24121500,Pieza,kraft
6595,Bolsa bond chica horizontal y vertical blanca  ,3.89818,Comercializadora de Cartón y Diseño,exhibidores,de línea,exhibidor,24121500,Pieza,kraft
6596,Bolsa bond mediana horizontal y vertical blanca  ,4.87838,Comercializadora de Cartón y Diseño,exhibidores,de línea,exhibidor,24121500,Pieza,kraft
6597,Bolsa bond grande horizontal y vertical blanca ,5.52682,Comercializadora de Cartón y Diseño,exhibidores,de línea,exhibidor,24121500,Pieza,kraft
6598,Bolsa bond jumbo horizontal y vertical blanca ,7.14792,Comercializadora de Cartón y Diseño,exhibidores,de línea,exhibidor,24121500,Pieza,kraft
6613,Bolsa de estrasa #   6 14.5x9.5x31.5,0.64844,Comercializadora de Cartón y Diseño,exhibidores,de línea,exhibidor,24121500,Pieza,kraft
6614,Bolsa de estrasa # 10 16.5x9x38,1.29688,Comercializadora de Cartón y Diseño,exhibidores,de línea,exhibidor,24121500,Pieza,kraft
6615,Bolsa de estrasa # 20 20x10.5x47,1.62864,Comercializadora de Cartón y Diseño,exhibidores,de línea,exhibidor,24121500,Pieza,kraft
6620,Bolsa estrasa despensa 30.5x18x41,3.89818,Comercializadora de Cartón y Diseño,exhibidores,de línea,exhibidor,24121500,Pieza,kraft
